Nombre,Apellido,Genero,Empresa,Área
Maurise,Kaindl,Male,Kelly Services,Logística
Dall,Havick,Male,Adecco,Producción
Melisande,Bywaters,Female,Randstad,Planificación
Martelle,Bendall,Female,Kelly Services,Calidad
Jacenta,Virr,Female,Randstad,Logística
Lilith,Chevers,Female,Adecco,Planificación
Tandie,Caulfield,Female,Page Personnel,Financias
Barthel,Askham,Male,Randstad,Mantenimiento
Raphael,Cescotti,Male,Robert Half,Calidad
Harlin,Pauli,Male,Kelly Services,Financias
Cathlene,Siney,Female,Randstad,Logística
Culley,Pywell,Male,Kelly Services,Calidad
Leese,Tace,Female,Unge,Planificación
Heda,Castanares,Female,ManpowerGroup,Planificación
Melli,Venable,Bigender,ManpowerGroup,Financias
Hedi,Ellicombe,Female,Page Personnel,Producción
Silvie,Paquet,Agender,Hays,Financias
Fidel,Tompkins,Male,ManpowerGroup,Mantenimiento
Cornela,Treversh,Female,Kelly Services,Logística
Brianna,Menel,Female,Page Personnel,Mantenimiento
Fransisco,Piatti,Male,Randstad,Financias
Mirabel,Gauvin,Female,Robert Half,Producción
Ola,Hufton,Female,Robert Half,Planificación
Michele,Corey,Male,Randstad,Calidad
Marve,Pilmer,Male,Page Personnel,Logística
Jack,Fulep,Male,Kelly Services,Calidad
Israel,De Pero,Male,Randstad,Mantenimiento
Silvain,Gonzales,Male,Unge,Logística
Holly,Reisenberg,Male,Hays,Financias
Tisha,Molloy,Female,Unge,Planificación
Harrie,Udall,Polygender,Robert Half,Financias
Louis,Mill,Male,Kelly Services,Logística
Torin,Isacsson,Male,Page Personnel,Mantenimiento
Mick,Denisevich,Male,ManpowerGroup,Logística
Yancy,Pawelczyk,Male,Unge,Financias
Rick,Minshaw,Male,Hays,Logística
Jakob,Le Guin,Male,Page Personnel,Mantenimiento
Artemas,Brizell,Male,Kelly Services,Planificación
Elizabeth,Spivey,Female,Page Personnel,Calidad
Brynna,Gillise,Female,Randstad,Planificación
Jolene,Colbeck,Female,Page Personnel,Mantenimiento
Lurette,Terrelly,Bigender,Unge,Logística
Harbert,Oxnam,Male,Page Personnel,Financias
Wilhelmine,Danilowicz,Female,Randstad,Financias
Terrill,Niece,Male,ManpowerGroup,Logística
Elfie,Gwinnett,Female,Randstad,Financias
Lind,Grinnov,Agender,Hays,Logística
Kermit,Comer,Male,Randstad,Financias
Kassi,Brislawn,Female,ManpowerGroup,Planificación
Simmonds,Shipley,Male,Randstad,Logística
Netti,Pritchard,Female,Unge,Mantenimiento
Vonni,Robez,Female,Randstad,Logística
Tomasina,Montrose,Female,Page Personnel,Logística
Dory,Ciccarelli,Female,Kelly Services,Producción
Arluene,Skullet,Female,Robert Half,Calidad
Laraine,England,Female,Randstad,Calidad
Alisha,Forgie,Female,Page Personnel,Planificación
Joelynn,Leyre,Agender,Robert Half,Planificación
Annice,Kliemke,Female,Unge,Logística
Elsinore,Passy,Female,Kelly Services,Planificación
Jimmy,Dobbison,Male,ManpowerGroup,Mantenimiento
Ruthie,Woodard,Female,Hays,Calidad
Amii,MacGrath,Female,Hays,Producción
Shane,Frampton,Female,Hays,Financias
Wadsworth,Dagnall,Male,Robert Half,Financias
Sylvia,O'Lagen,Female,Kelly Services,Logística
Gussi,Shepperd,Female,ManpowerGroup,Financias
Marilyn,Berndtssen,Female,Robert Half,Planificación
Geri,Adaway,Male,Randstad,Planificación
Dewie,Schreiner,Male,Robert Half,Calidad
Griffin,Lepard,Male,Hays,Planificación
Richy,Skirvin,Male,Kelly Services,Calidad
Mikel,Headford,Male,Unge,Calidad
Orsa,McGillivray,Female,Hays,Logística
Rudd,Elegood,Male,Randstad,Financias
Osmond,Parmby,Male,Kelly Services,Planificación
Franklyn,Tillyer,Male,Adecco,Logística
Daffie,Lindback,Female,Adecco,Producción
Omar,Kaspar,Male,Kelly Services,Financias
Kayne,Halvorsen,Male,Adecco,Mantenimiento
Trey,Firidolfi,Male,Kelly Services,Planificación
Bram,Ellis,Polygender,ManpowerGroup,Planificación
Anet,Noonan,Female,Unge,Financias
Lurlene,Jeckells,Female,ManpowerGroup,Planificación
Wilie,Lafrentz,Female,Kelly Services,Calidad
Nydia,Dinan,Female,Robert Half,Planificación
Yardley,Nise,Male,Kelly Services,Calidad
Barron,Gruszczak,Male,Page Personnel,Mantenimiento
Consuela,Godney,Female,Hays,Mantenimiento
Ramsay,Vinau,Male,Unge,Logística
Theodoric,Bygrave,Male,Unge,Producción
Sigismundo,Crummy,Male,Kelly Services,Producción
Falkner,Hurley,Male,Robert Half,Calidad
Ambur,Dzenisenka,Female,Robert Half,Logística
Donetta,Brinsden,Female,Kelly Services,Mantenimiento
Lurette,Biggs,Female,Adecco,Calidad
Hansiain,Leger,Male,Unge,Planificación
Salim,Mathou,Male,Unge,Mantenimiento
Glenn,Killich,Male,Kelly Services,Producción
Jemima,Banasevich,Female,Robert Half,Calidad
Hildagard,Raggitt,Female,Page Personnel,Logística
Conan,Ballam,Male,Page Personnel,Calidad
Siana,Spadaro,Female,Robert Half,Financias
Corbet,Spires,Male,Randstad,Mantenimiento
Selene,Wolters,Female,Kelly Services,Planificación
Wyatan,Speechley,Male,Page Personnel,Producción
Leonanie,Spackman,Female,Randstad,Producción
Trula,Greenly,Non-binary,Randstad,Logística
Welch,Dabinett,Male,Hays,Logística
Sammy,Heales,Male,Randstad,Mantenimiento
Pepe,Langstone,Male,Page Personnel,Planificación
Charity,Dunster,Female,Randstad,Financias
Lyle,Samper,Male,Unge,Mantenimiento
Pris,Windows,Female,Kelly Services,Mantenimiento
Ber,Easseby,Male,Randstad,Financias
Aluin,O'Dunneen,Male,Randstad,Mantenimiento
Dixie,O'Callaghan,Female,Hays,Mantenimiento
Alexi,Lewing,Female,ManpowerGroup,Financias
Silvanus,Marlow,Male,ManpowerGroup,Producción
Falkner,Zavattero,Male,Page Personnel,Planificación
Alastair,Appleford,Polygender,Kelly Services,Financias
Baryram,Everley,Male,ManpowerGroup,Planificación
Milt,Sherbrook,Male,Kelly Services,Calidad
Traver,Pinck,Male,Robert Half,Logística
Kalle,Hanning,Male,Randstad,Calidad
Margalo,Middlemist,Female,Adecco,Calidad
Beryl,Tutin,Female,Robert Half,Logística
Carlie,Curley,Bigender,Unge,Planificación
Yanaton,Whines,Male,Kelly Services,Planificación
Maisey,Scamal,Female,Randstad,Mantenimiento
Brucie,Easterfield,Male,ManpowerGroup,Logística
Juliette,Mabee,Female,Randstad,Financias
Emmet,Kimmings,Male,Adecco,Mantenimiento
Cecilius,Marcham,Male,Randstad,Producción
Frank,Cutriss,Male,Robert Half,Logística
Vachel,Fifield,Male,Randstad,Producción
Rebeca,Potapczuk,Female,Randstad,Mantenimiento
Lev,Baybutt,Male,Unge,Calidad
Ash,Hancell,Bigender,Adecco,Planificación
Claudian,Wieprecht,Male,Randstad,Planificación
Mallory,Gandrich,Female,Kelly Services,Calidad
Cosimo,Olive,Male,Robert Half,Financias
Gerrilee,Fosbraey,Female,ManpowerGroup,Calidad
Waverley,Chessman,Polygender,ManpowerGroup,Calidad
Friederike,Bowdon,Polygender,Kelly Services,Calidad
Hamid,Yesichev,Non-binary,Unge,Financias
Brand,Wheatley,Male,Unge,Logística
Christie,Drayn,Male,Robert Half,Mantenimiento
Ayn,Oloman,Non-binary,Randstad,Producción
Judah,Courtin,Male,ManpowerGroup,Planificación
Dian,Mac,Female,Page Personnel,Calidad
Fionna,Siberry,Female,Unge,Calidad
Wylie,Giovannazzi,Male,Kelly Services,Financias
Deb,Wynne,Genderfluid,Page Personnel,Calidad
Cesaro,Sineath,Male,Hays,Planificación
Auberon,Binney,Male,ManpowerGroup,Producción
Arny,Elwood,Male,Kelly Services,Producción
Rudd,Sekulla,Male,Adecco,Calidad
Nert,Elkington,Female,Page Personnel,Producción
Talyah,Goldingay,Female,Hays,Mantenimiento
Trescha,Delagua,Bigender,Page Personnel,Calidad
Arie,Horsewood,Male,Hays,Logística
Sebastien,Dun,Male,ManpowerGroup,Calidad
Eveline,Felten,Female,Randstad,Calidad
Tam,Spurryer,Male,Kelly Services,Planificación
Meggie,Melbert,Female,Page Personnel,Producción
Cynthia,Cunde,Genderqueer,Kelly Services,Producción
Kassie,Mixter,Female,Unge,Mantenimiento
Ingrid,Johnsee,Female,Randstad,Mantenimiento
Staci,Lauga,Female,ManpowerGroup,Mantenimiento
Shirlene,Sandever,Female,ManpowerGroup,Logística
Gaylord,Luce,Male,Unge,Mantenimiento
Gran,Lambkin,Male,Robert Half,Producción
Ignacio,Westberg,Male,Adecco,Logística
Ralph,Tunnoch,Male,ManpowerGroup,Mantenimiento
Aime,Radin,Female,Robert Half,Mantenimiento
Annamaria,Fernan,Female,Adecco,Producción
Nonna,Greetland,Female,Kelly Services,Mantenimiento
Elwyn,Handmore,Polygender,Kelly Services,Mantenimiento
Ron,Chester,Agender,ManpowerGroup,Planificación
Bartel,Waslin,Male,Hays,Logística
Bess,Desbrow,Female,Randstad,Mantenimiento
Garv,Grimestone,Male,Page Personnel,Financias
Ara,Tocher,Male,Unge,Mantenimiento
Christian,Gallatly,Female,Randstad,Financias
Tod,Hartfleet,Male,Hays,Calidad
Cord,Shucksmith,Male,Page Personnel,Financias
Milli,Dunrige,Female,Unge,Producción
Bradney,Gabey,Male,Robert Half,Logística
Aline,Stout,Agender,Adecco,Calidad
Phelia,Buckland,Female,Unge,Producción
Hugo,Upham,Male,Adecco,Financias
Zelda,Francescoccio,Female,ManpowerGroup,Logística
Armando,Aspey,Male,Hays,Mantenimiento
Lorenzo,Tamburo,Male,Unge,Planificación
Jolynn,Wimlet,Female,Hays,Planificación
Garret,Besnard,Male,Kelly Services,Logística
Kimball,Kildea,Male,Kelly Services,Producción
Godart,Conti,Male,Randstad,Planificación
Raul,Beller,Male,Unge,Planificación
Jsandye,Finessy,Female,Unge,Planificación
Mata,Ogley,Male,ManpowerGroup,Logística
Gustie,Faircley,Female,Unge,Producción
Spike,Buist,Male,Randstad,Logística
Katrinka,Cripwell,Female,Hays,Mantenimiento
Gasparo,Tole,Male,Kelly Services,Planificación
Vance,McGeever,Male,Adecco,Financias
Minda,Balazot,Female,Robert Half,Mantenimiento
Kerrie,Tapin,Female,Adecco,Producción
Calida,Szymanek,Female,Kelly Services,Planificación
