id,first_name,last_name,email,practica,motivo,date,sector
1,Claudine,Mazzilli,cmazzilli0@theguardian.com,Gestion visual,Flexibilidad,2022-07-06,Energy
2,Xylia,Saladin,xsaladin1@unesco.org,Gestion visual,Liderazgo,2022-09-14,Consumer Durables
3,Rickie,Barbara,rbarbara2@typepad.com,Gestion visual,Eficiencia,2022-07-09,n/a
4,Lanae,Pavett,lpavett3@scientificamerican.com,Gestion visual,Liderazgo,2021-07-20,Finance
5,Leigh,Sobtka,lsobtka4@merriam-webster.com,Mejor enfocada,Eficiencia,2022-04-03,Consumer Services
6,Adelice,Nesbitt,anesbitt5@thetimes.co.uk,Gestion visual,Integridad,2021-11-30,Finance
7,Mei,Verdon,mverdon6@skype.com,5S,Liderazgo,2021-04-03,Consumer Services
8,Teddie,Faas,tfaas7@go.com,Mejor enfocada,Integridad,2021-12-27,Health Care
9,Onfre,Nottingham,onottingham8@tmall.com,Trabajo en equipo,Eficiencia,2021-09-22,Finance
10,Neddie,Joscelyne,njoscelyne9@scientificamerican.com,Gestion visual,Flexibilidad,2021-11-16,Health Care
11,Amelie,Fardy,afardya@answers.com,5S,Flexibilidad,2022-08-29,Health Care
12,Loy,Peatheyjohns,lpeatheyjohnsb@slate.com,Mindset Digital,Eficiencia,2021-11-01,Finance
13,Tiler,Sinnat,tsinnatc@desdev.cn,Mindset Digital,Integridad,2022-09-15,n/a
14,Gena,Paddington,gpaddingtond@histats.com,Mindset Digital,Flexibilidad,2022-03-13,Health Care
15,Marcela,Pavlenkov,mpavlenkove@paypal.com,Mindset Digital,Integridad,2021-05-09,Consumer Services
16,Ed,Sailes,esailesf@narod.ru,Mejor enfocada,Liderazgo,2021-08-20,Health Care
17,Chantalle,Dearle-Palser,cdearlepalserg@dagondesign.com,5S,Flexibilidad,2022-11-30,Capital Goods
18,Shelby,Manby,smanbyh@netvibes.com,Mindset Digital,Flexibilidad,2021-04-05,Consumer Non-Durables
19,Dacy,Julyan,djulyani@fotki.com,Mindset Digital,Flexibilidad,2022-10-11,n/a
20,Daisy,Gregor,dgregorj@sogou.com,Mejor enfocada,Flexibilidad,2021-09-26,Capital Goods
21,Reube,Parmer,rparmerk@wikimedia.org,5S,Flexibilidad,2021-09-09,n/a
22,Samara,Harniman,sharnimanl@marketwatch.com,Mejor enfocada,Liderazgo,2022-10-21,Technology
23,Michaella,Bunnell,mbunnellm@aol.com,Mindset Digital,Eficiencia,2021-06-01,Basic Industries
24,Roch,Szymanski,rszymanskin@dion.ne.jp,Mindset Digital,Liderazgo,2021-04-22,n/a
25,Zorah,Bartrum,zbartrumo@virginia.edu,5S,Eficiencia,2022-04-12,n/a
26,Micky,Honeywood,mhoneywoodp@furl.net,5S,Flexibilidad,2022-10-24,Health Care
27,Dilly,Tows,dtowsq@chron.com,Gestion visual,Integridad,2022-10-26,Capital Goods
28,Cherry,Worboy,cworboyr@adobe.com,Trabajo en equipo,Integridad,2022-07-14,Public Utilities
29,Bram,Brito,bbritos@cbsnews.com,Trabajo en equipo,Flexibilidad,2021-02-05,n/a
30,Pavla,Hehnke,phehnket@yahoo.com,5S,Eficiencia,2021-07-22,n/a
31,Odilia,Preddle,opreddleu@wufoo.com,Mindset Digital,Flexibilidad,2021-07-19,Technology
32,Charin,Heyball,cheyballv@stumbleupon.com,Mindset Digital,Eficiencia,2022-04-22,Health Care
33,Dona,Lohering,dloheringw@reference.com,5S,Liderazgo,2022-10-30,Technology
34,Sonja,Edgars,sedgarsx@hubpages.com,Gestion visual,Integridad,2021-01-17,Public Utilities
35,Saul,Wilbor,swilbory@huffingtonpost.com,Trabajo en equipo,Eficiencia,2022-09-24,Consumer Services
36,Lena,Traut,ltrautz@baidu.com,Gestion visual,Flexibilidad,2022-07-09,Health Care
37,Kelli,Blincow,kblincow10@adobe.com,Mejor enfocada,Liderazgo,2022-08-02,Energy
38,Forster,Earpe,fearpe11@uiuc.edu,Mindset Digital,Eficiencia,2022-03-30,Finance
39,Mart,Sach,msach12@uol.com.br,Gestion visual,Eficiencia,2021-04-23,Health Care
40,Larina,Dabner,ldabner13@typepad.com,Gestion visual,Liderazgo,2021-05-06,Finance
41,Robers,Forsbey,rforsbey14@chronoengine.com,5S,Eficiencia,2022-10-08,Finance
42,Kalinda,Franey,kfraney15@yolasite.com,Mejor enfocada,Liderazgo,2021-03-09,Consumer Non-Durables
43,Sigfried,Gabala,sgabala16@spiegel.de,Mindset Digital,Liderazgo,2022-11-09,n/a
44,Mari,Ludford,mludford17@unesco.org,Mejor enfocada,Flexibilidad,2021-05-23,Technology
45,Igor,Gilroy,igilroy18@ameblo.jp,Gestion visual,Integridad,2022-01-08,Energy
46,Zondra,Vowden,zvowden19@webeden.co.uk,Trabajo en equipo,Flexibilidad,2021-09-29,n/a
47,Maxi,De Blasi,mdeblasi1a@mtv.com,Trabajo en equipo,Liderazgo,2021-07-22,Technology
48,Jacob,Funnell,jfunnell1b@1688.com,Gestion visual,Liderazgo,2022-07-12,Finance
49,Tybi,Presley,tpresley1c@harvard.edu,Mindset Digital,Eficiencia,2022-08-02,Consumer Services
50,Marlena,Woodger,mwoodger1d@yolasite.com,Trabajo en equipo,Flexibilidad,2021-08-03,Finance
51,Neils,Kingdom,nkingdom1e@ebay.com,Mindset Digital,Integridad,2022-06-11,Consumer Services
52,Leigh,Kubczak,lkubczak1f@fema.gov,Gestion visual,Eficiencia,2022-02-25,Consumer Services
53,Rosco,Ondrousek,rondrousek1g@bloglovin.com,Gestion visual,Flexibilidad,2022-12-06,Technology
54,Joanne,Tink,jtink1h@dot.gov,Gestion visual,Flexibilidad,2021-03-27,n/a
55,Philly,Collyear,pcollyear1i@bing.com,5S,Flexibilidad,2022-09-03,Health Care
56,Sioux,Alfuso,salfuso1j@cafepress.com,Gestion visual,Flexibilidad,2021-09-03,Consumer Services
57,Evonne,Ceely,eceely1k@bbc.co.uk,5S,Integridad,2022-11-08,n/a
58,Dolli,Sabate,dsabate1l@mapy.cz,Trabajo en equipo,Flexibilidad,2022-05-20,Technology
59,Myrwyn,Treker,mtreker1m@theatlantic.com,Gestion visual,Eficiencia,2021-01-20,Technology
60,Avery,Landrean,alandrean1n@163.com,5S,Liderazgo,2021-02-20,Consumer Durables
61,Maureene,Bronger,mbronger1o@chron.com,5S,Eficiencia,2022-03-08,Energy
62,Buckie,Baskeyfied,bbaskeyfied1p@nasa.gov,Mejor enfocada,Flexibilidad,2022-01-03,n/a
63,Karney,Reditt,kreditt1q@quantcast.com,Gestion visual,Liderazgo,2022-06-15,n/a
64,Alethea,Anelay,aanelay1r@nih.gov,Mejor enfocada,Integridad,2022-04-16,Technology
65,Gill,Elmhirst,gelmhirst1s@fema.gov,Mejor enfocada,Liderazgo,2021-01-14,Energy
66,Christophe,Eddisford,ceddisford1t@oaic.gov.au,Gestion visual,Eficiencia,2022-05-16,Consumer Services
67,Cicily,Plaster,cplaster1u@ft.com,Trabajo en equipo,Flexibilidad,2021-03-07,Basic Industries
68,Devin,Maybury,dmaybury1v@hatena.ne.jp,5S,Liderazgo,2021-02-14,Basic Industries
69,Kaila,Craise,kcraise1w@wufoo.com,Gestion visual,Eficiencia,2021-08-18,Miscellaneous
70,Reid,Rasch,rrasch1x@domainmarket.com,Gestion visual,Integridad,2021-04-29,Finance
71,Marge,Jatczak,mjatczak1y@twitter.com,Mejor enfocada,Integridad,2022-06-16,Public Utilities
72,Winifred,Kightly,wkightly1z@vkontakte.ru,Mejor enfocada,Liderazgo,2022-07-26,n/a
73,Stinky,Reading,sreading20@craigslist.org,Trabajo en equipo,Integridad,2021-04-11,Technology
74,Moises,Roggerone,mroggerone21@ow.ly,Mindset Digital,Flexibilidad,2021-05-17,Energy
75,Bernadette,Frugier,bfrugier22@newsvine.com,Trabajo en equipo,Integridad,2022-04-03,Technology
76,Isidoro,Tipens,itipens23@phoca.cz,5S,Flexibilidad,2021-02-24,n/a
77,Noach,Worrell,nworrell24@google.cn,5S,Flexibilidad,2022-02-09,Basic Industries
78,Lise,Killough,lkillough25@amazonaws.com,Gestion visual,Eficiencia,2021-12-07,Finance
79,Adrian,Rawsthorne,arawsthorne26@salon.com,Mejor enfocada,Flexibilidad,2022-03-19,Capital Goods
80,Aurel,Bridgland,abridgland27@biglobe.ne.jp,Trabajo en equipo,Flexibilidad,2022-04-15,n/a
81,Cheslie,Ohrt,cohrt28@bandcamp.com,Gestion visual,Eficiencia,2022-01-30,Capital Goods
82,Deloris,Villaret,dvillaret29@exblog.jp,5S,Eficiencia,2022-10-20,n/a
83,Eben,Jammet,ejammet2a@ycombinator.com,5S,Liderazgo,2022-01-25,Consumer Services
84,Katy,Albion,kalbion2b@admin.ch,5S,Liderazgo,2022-08-12,Finance
85,Sibelle,Lilywhite,slilywhite2c@so-net.ne.jp,5S,Integridad,2022-06-19,Technology
86,Florance,Sergean,fsergean2d@networksolutions.com,Mejor enfocada,Eficiencia,2021-02-11,Finance
87,Padraic,Lantaff,plantaff2e@xrea.com,Mejor enfocada,Eficiencia,2022-05-27,Technology
88,Sibel,Levene,slevene2f@amazon.co.uk,5S,Flexibilidad,2022-02-21,Technology
89,Thibaud,Norfolk,tnorfolk2g@webs.com,Gestion visual,Eficiencia,2021-10-27,Technology
90,Archibold,Kikke,akikke2h@csmonitor.com,Trabajo en equipo,Integridad,2022-12-09,Technology
91,Hadleigh,Ramelot,hramelot2i@trellian.com,Mindset Digital,Integridad,2022-02-10,n/a
92,Cecilio,Arrigo,carrigo2j@geocities.jp,5S,Flexibilidad,2022-06-29,Technology
93,Marge,Couthard,mcouthard2k@cbc.ca,Mejor enfocada,Eficiencia,2021-04-12,Consumer Services
94,Llewellyn,Brandle,lbrandle2l@pbs.org,Trabajo en equipo,Eficiencia,2022-09-06,Technology
95,Gabrielle,Swigg,gswigg2m@goo.ne.jp,Mejor enfocada,Liderazgo,2022-11-10,Finance
96,Zane,Jannex,zjannex2n@examiner.com,Mejor enfocada,Flexibilidad,2021-12-25,Finance
97,Carleen,Arnaudet,carnaudet2o@earthlink.net,Mejor enfocada,Liderazgo,2022-06-06,Health Care
98,Ellynn,Zanuciolii,ezanuciolii2p@walmart.com,Mindset Digital,Integridad,2021-04-09,Finance
99,Rice,Bettesworth,rbettesworth2q@cam.ac.uk,Mejor enfocada,Liderazgo,2022-10-15,Finance
100,Des,Pendre,dpendre2r@yelp.com,Mejor enfocada,Integridad,2022-05-13,Capital Goods
101,Ralina,Matejic,rmatejic2s@indiatimes.com,Trabajo en equipo,Flexibilidad,2021-06-11,Consumer Durables
102,Goldi,Esilmon,gesilmon2t@ucsd.edu,5S,Eficiencia,2022-10-04,Consumer Services
103,Waylin,O'Bradden,wobradden2u@washington.edu,Gestion visual,Integridad,2022-08-23,n/a
104,Kary,Jowling,kjowling2v@sfgate.com,Mejor enfocada,Liderazgo,2021-09-12,Consumer Services
105,Davina,Rugge,drugge2w@umn.edu,5S,Eficiencia,2021-12-02,n/a
106,Bron,Kydd,bkydd2x@google.it,Gestion visual,Flexibilidad,2021-08-31,n/a
107,Skylar,Sexty,ssexty2y@earthlink.net,Mindset Digital,Flexibilidad,2022-08-26,Consumer Services
108,Ernest,MacKomb,emackomb2z@devhub.com,Gestion visual,Eficiencia,2021-08-20,Consumer Services
109,Sibylle,Duell,sduell30@lycos.com,5S,Liderazgo,2022-12-05,Consumer Services
110,Maureene,Buckney,mbuckney31@cdbaby.com,Mejor enfocada,Flexibilidad,2021-05-05,Public Utilities
111,Truman,Jarvis,tjarvis32@weibo.com,Mindset Digital,Flexibilidad,2022-06-28,Public Utilities
112,Tristam,Scampion,tscampion33@wufoo.com,Trabajo en equipo,Flexibilidad,2022-02-04,Consumer Non-Durables
113,Dorthea,Anstie,danstie34@about.me,Mejor enfocada,Integridad,2022-03-08,Health Care
114,Adena,Crisford,acrisford35@gizmodo.com,Trabajo en equipo,Flexibilidad,2021-08-08,n/a
115,Inga,Jezzard,ijezzard36@sciencedirect.com,Gestion visual,Integridad,2021-11-01,Consumer Services
116,Patrice,Somerlie,psomerlie37@cmu.edu,Gestion visual,Flexibilidad,2021-05-02,Basic Industries
117,Ganny,Stammers,gstammers38@sakura.ne.jp,Trabajo en equipo,Integridad,2022-01-21,Health Care
118,Vail,Van Oort,vvanoort39@jimdo.com,Mindset Digital,Integridad,2022-05-21,Consumer Services
119,Lonny,Bleazard,lbleazard3a@xinhuanet.com,Mindset Digital,Integridad,2021-10-16,Consumer Services
120,Llywellyn,Sallan,lsallan3b@boston.com,5S,Eficiencia,2022-11-17,Energy
121,Ranee,Berkeley,rberkeley3c@pinterest.com,5S,Eficiencia,2021-06-22,Capital Goods
122,Netta,Doncaster,ndoncaster3d@miitbeian.gov.cn,5S,Eficiencia,2021-03-14,Consumer Non-Durables
123,Brit,Kubecka,bkubecka3e@reference.com,Mindset Digital,Liderazgo,2021-09-28,n/a
124,Candy,Hitscher,chitscher3f@japanpost.jp,5S,Eficiencia,2022-09-25,n/a
125,Issie,Leamon,ileamon3g@friendfeed.com,Mejor enfocada,Flexibilidad,2022-12-30,Technology
126,Reynold,Haslehurst,rhaslehurst3h@wired.com,Mindset Digital,Liderazgo,2021-10-08,Consumer Non-Durables
127,Ottilie,Spinnace,ospinnace3i@ft.com,Trabajo en equipo,Flexibilidad,2021-08-22,Finance
128,Jacinda,Grief,jgrief3j@chronoengine.com,Gestion visual,Eficiencia,2021-11-28,Capital Goods
129,Cori,Bohler,cbohler3k@studiopress.com,Mindset Digital,Eficiencia,2022-02-08,Technology
130,Cirilo,Videan,cvidean3l@mediafire.com,Mejor enfocada,Integridad,2022-09-05,Public Utilities
131,Ethan,Callington,ecallington3m@amazon.com,5S,Eficiencia,2021-03-22,Capital Goods
132,Ambrosi,Boom,aboom3n@mashable.com,5S,Liderazgo,2021-01-17,Consumer Services
133,Veronica,Winter,vwinter3o@amazonaws.com,Mejor enfocada,Eficiencia,2022-04-13,Finance
134,Bradly,Hoston,bhoston3p@about.com,5S,Eficiencia,2022-08-05,Health Care
135,Dee dee,Crowe,dcrowe3q@indiatimes.com,Gestion visual,Eficiencia,2022-02-14,Finance
136,Dorothee,Gubbin,dgubbin3r@globo.com,Mejor enfocada,Eficiencia,2022-05-04,Finance
137,Mariya,D'Alessio,mdalessio3s@instagram.com,5S,Flexibilidad,2022-01-13,Consumer Services
138,Emilia,Aberdeen,eaberdeen3t@abc.net.au,Trabajo en equipo,Flexibilidad,2022-07-25,Consumer Services
139,Federica,Tevelov,ftevelov3u@squarespace.com,Mejor enfocada,Liderazgo,2021-05-25,n/a
140,Jaquenette,Cicero,jcicero3v@cam.ac.uk,Trabajo en equipo,Integridad,2022-11-26,Finance
141,Gerome,Boden,gboden3w@google.co.uk,Gestion visual,Liderazgo,2022-08-19,Finance
142,Anatol,Kiefer,akiefer3x@infoseek.co.jp,Trabajo en equipo,Liderazgo,2021-06-23,n/a
143,Khalil,Bargery,kbargery3y@youku.com,Mindset Digital,Liderazgo,2022-02-07,n/a
144,Robbert,Hurnell,rhurnell3z@ebay.com,Gestion visual,Liderazgo,2021-06-25,Miscellaneous
145,Rubina,Boliver,rboliver40@chron.com,Trabajo en equipo,Eficiencia,2021-02-13,Technology
146,Winnie,Cockill,wcockill41@tiny.cc,Mindset Digital,Liderazgo,2021-06-07,Finance
147,Doretta,Beament,dbeament42@trellian.com,5S,Liderazgo,2021-05-27,Public Utilities
148,Tybalt,Gilberthorpe,tgilberthorpe43@pcworld.com,Gestion visual,Liderazgo,2022-11-27,Technology
149,Cristobal,Pettett,cpettett44@imageshack.us,Gestion visual,Integridad,2021-07-14,Finance
150,Erie,O'Garmen,eogarmen45@thetimes.co.uk,5S,Eficiencia,2022-08-15,Technology
151,Saxon,Heelis,sheelis46@netvibes.com,5S,Integridad,2021-04-17,Consumer Non-Durables
152,Samson,Crudgington,scrudgington47@google.pl,Mindset Digital,Eficiencia,2021-05-16,Finance
153,Adiana,Abarough,aabarough48@virginia.edu,Gestion visual,Eficiencia,2021-06-24,Consumer Services
154,Emlynne,Meynell,emeynell49@wikimedia.org,Gestion visual,Integridad,2022-07-31,n/a
155,Randi,Prester,rprester4a@delicious.com,Mejor enfocada,Integridad,2021-12-21,Consumer Services
156,Rawley,Haffner,rhaffner4b@kickstarter.com,Mejor enfocada,Flexibilidad,2022-12-09,Consumer Durables
157,Laure,Harrhy,lharrhy4c@tripod.com,Trabajo en equipo,Eficiencia,2022-06-14,Public Utilities
158,Lemar,Crabtree,lcrabtree4d@123-reg.co.uk,5S,Liderazgo,2021-05-18,n/a
159,Nikita,Studdeard,nstuddeard4e@live.com,5S,Integridad,2021-09-20,Technology
160,Janice,Dows,jdows4f@instagram.com,Gestion visual,Flexibilidad,2022-08-31,n/a
161,Leo,Stango,lstango4g@vkontakte.ru,Gestion visual,Integridad,2021-06-05,Consumer Non-Durables
162,Meade,Gronou,mgronou4h@issuu.com,Gestion visual,Flexibilidad,2021-03-09,Consumer Non-Durables
163,Kincaid,Fetherby,kfetherby4i@spotify.com,Gestion visual,Liderazgo,2021-06-16,n/a
164,Timmie,Pullen,tpullen4j@nhs.uk,Mejor enfocada,Liderazgo,2022-04-30,Health Care
165,Alene,Benkhe,abenkhe4k@diigo.com,5S,Liderazgo,2022-05-10,Health Care
166,Stanton,Corkell,scorkell4l@instagram.com,5S,Flexibilidad,2022-04-17,Consumer Services
167,Tedd,Elnaugh,telnaugh4m@dell.com,Gestion visual,Integridad,2021-05-20,Consumer Services
168,Benjy,Moff,bmoff4n@army.mil,Mejor enfocada,Flexibilidad,2021-10-06,Consumer Services
169,Cassi,Damato,cdamato4o@simplemachines.org,Gestion visual,Integridad,2021-09-27,Technology
170,Anallese,Lamplugh,alamplugh4p@harvard.edu,Trabajo en equipo,Flexibilidad,2021-05-01,Capital Goods
171,Hermia,Stagge,hstagge4q@themeforest.net,Mindset Digital,Eficiencia,2021-08-19,n/a
172,Abe,Perillo,aperillo4r@comcast.net,Trabajo en equipo,Liderazgo,2021-11-04,n/a
173,Kip,Vogeller,kvogeller4s@weather.com,Mejor enfocada,Eficiencia,2022-09-30,Consumer Services
174,Rhodia,Sowten,rsowten4t@symantec.com,Gestion visual,Integridad,2022-07-28,Capital Goods
175,Margalo,Halms,mhalms4u@hao123.com,Mindset Digital,Eficiencia,2022-08-05,n/a
176,Marlin,Jeffs,mjeffs4v@51.la,Gestion visual,Eficiencia,2021-05-31,Consumer Services
177,Caesar,Crace,ccrace4w@joomla.org,Mejor enfocada,Liderazgo,2021-07-22,Technology
178,Dallon,Tegeller,dtegeller4x@dailymail.co.uk,Gestion visual,Integridad,2021-03-06,Consumer Durables
179,Rene,Rother,rrother4y@fc2.com,Mindset Digital,Flexibilidad,2021-06-05,Health Care
180,Claudius,Buxton,cbuxton4z@samsung.com,5S,Flexibilidad,2021-10-25,Finance
181,Cecil,Portinari,cportinari50@ca.gov,Trabajo en equipo,Flexibilidad,2022-09-23,Finance
182,Hillier,Guymer,hguymer51@meetup.com,5S,Integridad,2022-07-08,Finance
183,Anna-diane,Wilton,awilton52@telegraph.co.uk,Trabajo en equipo,Flexibilidad,2022-01-04,n/a
184,Joshua,Mersh,jmersh53@mtv.com,Mindset Digital,Integridad,2022-08-14,n/a
185,Ado,O'Cridigan,aocridigan54@paypal.com,Gestion visual,Eficiencia,2021-04-11,Finance
186,Gene,Shepland,gshepland55@myspace.com,Mejor enfocada,Integridad,2022-09-04,n/a
187,Cordey,Tizzard,ctizzard56@hexun.com,5S,Liderazgo,2022-01-29,Technology
188,Jakob,Carlaw,jcarlaw57@livejournal.com,Trabajo en equipo,Eficiencia,2021-04-10,n/a
189,Adelle,Momery,amomery58@skyrock.com,Mejor enfocada,Liderazgo,2021-08-28,n/a
190,Erastus,Risbie,erisbie59@blog.com,Mejor enfocada,Liderazgo,2021-01-18,Finance
191,Shalom,Gumery,sgumery5a@google.es,Mejor enfocada,Integridad,2022-09-13,n/a
192,Odessa,Clilverd,oclilverd5b@nps.gov,Gestion visual,Integridad,2021-10-09,Consumer Services
193,Didi,Thorpe,dthorpe5c@globo.com,5S,Integridad,2022-07-16,Health Care
194,Dehlia,Sibylla,dsibylla5d@npr.org,Gestion visual,Integridad,2022-11-14,Finance
195,Constantin,Lemasney,clemasney5e@e-recht24.de,5S,Flexibilidad,2022-01-29,Finance
196,Paco,Balazin,pbalazin5f@gravatar.com,Trabajo en equipo,Flexibilidad,2021-11-27,Finance
197,Belva,Lube,blube5g@pen.io,Mindset Digital,Integridad,2021-10-07,Finance
198,Craig,Glaserman,cglaserman5h@google.co.uk,Mejor enfocada,Liderazgo,2021-04-07,Health Care
199,Norean,Kirdsch,nkirdsch5i@wp.com,Mindset Digital,Integridad,2022-06-17,Consumer Services
200,Lorin,Cowlam,lcowlam5j@amazon.com,Mindset Digital,Eficiencia,2022-01-27,Health Care
201,Carla,Enbury,cenbury5k@vinaora.com,Mindset Digital,Flexibilidad,2021-12-21,Health Care
202,Humbert,Hirche,hhirche5l@zdnet.com,5S,Liderazgo,2022-04-15,Basic Industries
203,Garrick,Loisi,gloisi5m@chron.com,Gestion visual,Integridad,2022-02-03,Consumer Durables
204,Ariel,Gianuzzi,agianuzzi5n@rediff.com,5S,Liderazgo,2022-10-01,Consumer Services
205,Adda,Rontree,arontree5o@utexas.edu,Trabajo en equipo,Integridad,2021-06-10,Consumer Services
206,Reginald,Lorraway,rlorraway5p@last.fm,Mindset Digital,Integridad,2022-11-25,Energy
207,Neils,Treadger,ntreadger5q@thetimes.co.uk,5S,Integridad,2022-06-05,Finance
208,Sheree,Dalston,sdalston5r@hostgator.com,Trabajo en equipo,Eficiencia,2022-09-04,n/a
209,Ezequiel,Churly,echurly5s@google.ru,Trabajo en equipo,Integridad,2022-06-23,n/a
210,Anna,Faireclough,afaireclough5t@fotki.com,5S,Flexibilidad,2021-02-28,n/a
211,Darell,Biner,dbiner5u@nba.com,5S,Eficiencia,2022-09-15,Health Care
212,Grete,Sprules,gsprules5v@arstechnica.com,5S,Flexibilidad,2021-02-07,Basic Industries
213,Elroy,Becks,ebecks5w@booking.com,Trabajo en equipo,Liderazgo,2021-02-19,Public Utilities
214,Jamaal,Presnell,jpresnell5x@spotify.com,Mindset Digital,Liderazgo,2022-05-12,Finance
215,Natassia,MacKilroe,nmackilroe5y@scientificamerican.com,5S,Liderazgo,2021-06-21,Consumer Services
216,Charmian,Oldcote,coldcote5z@elpais.com,Trabajo en equipo,Liderazgo,2022-08-31,n/a
217,Estella,Wildash,ewildash60@google.ca,5S,Eficiencia,2022-02-10,Finance
218,Griff,Barson,gbarson61@phoca.cz,Mejor enfocada,Integridad,2021-06-22,Miscellaneous
219,Othella,Orkney,oorkney62@storify.com,Gestion visual,Flexibilidad,2022-07-20,Technology
220,Gerianna,Pridmore,gpridmore63@cornell.edu,Gestion visual,Integridad,2022-07-18,n/a
221,Rudy,Snipe,rsnipe64@geocities.jp,5S,Eficiencia,2022-03-08,Consumer Services
222,Lynn,Moynham,lmoynham65@vinaora.com,5S,Eficiencia,2021-12-22,Miscellaneous
223,Stephannie,Dallander,sdallander66@smugmug.com,Mejor enfocada,Integridad,2021-03-26,Finance
224,Corney,Brandreth,cbrandreth67@ucsd.edu,Gestion visual,Liderazgo,2022-11-14,Finance
225,Allayne,Keneleyside,akeneleyside68@epa.gov,Gestion visual,Eficiencia,2022-12-17,Technology
226,Moss,Febre,mfebre69@seesaa.net,Mindset Digital,Eficiencia,2022-05-08,Public Utilities
227,Asa,Faint,afaint6a@sciencedaily.com,5S,Eficiencia,2022-07-07,Health Care
228,Noam,Jewks,njewks6b@qq.com,Trabajo en equipo,Flexibilidad,2022-11-20,Transportation
229,Saudra,Bannard,sbannard6c@amazon.co.uk,Mejor enfocada,Integridad,2022-03-26,Energy
230,Magda,Andries,mandries6d@elpais.com,5S,Eficiencia,2022-01-14,n/a
231,Sadye,Cheeke,scheeke6e@npr.org,Trabajo en equipo,Flexibilidad,2021-09-02,Technology
232,Andres,Attkins,aattkins6f@wiley.com,Trabajo en equipo,Eficiencia,2021-05-30,Miscellaneous
233,Aurilia,Perico,aperico6g@creativecommons.org,Gestion visual,Integridad,2022-03-26,Health Care
234,Aksel,MacCumiskey,amaccumiskey6h@webnode.com,Mejor enfocada,Flexibilidad,2021-12-29,Transportation
235,Pearle,Humes,phumes6i@independent.co.uk,Gestion visual,Liderazgo,2022-10-05,Finance
236,Falkner,Culleton,fculleton6j@home.pl,Mejor enfocada,Flexibilidad,2021-04-02,Consumer Services
237,Gram,Henricsson,ghenricsson6k@cargocollective.com,Gestion visual,Integridad,2021-03-14,n/a
238,Aurilia,Ritmeyer,aritmeyer6l@sohu.com,Mindset Digital,Flexibilidad,2021-02-16,Consumer Services
239,Hayward,Bartoshevich,hbartoshevich6m@cbsnews.com,Gestion visual,Flexibilidad,2022-10-25,Technology
240,Katrine,Gratton,kgratton6n@nih.gov,Mindset Digital,Eficiencia,2021-12-15,n/a
241,Nata,Rolfini,nrolfini6o@redcross.org,Trabajo en equipo,Liderazgo,2022-07-12,Finance
242,Wilek,Brasener,wbrasener6p@flickr.com,Gestion visual,Flexibilidad,2022-10-07,Consumer Services
243,Lanny,Raun,lraun6q@sourceforge.net,Trabajo en equipo,Flexibilidad,2021-01-24,Consumer Services
244,Di,Sybbe,dsybbe6r@facebook.com,Trabajo en equipo,Liderazgo,2021-12-01,Capital Goods
245,Flory,Hellyar,fhellyar6s@php.net,5S,Eficiencia,2022-01-15,n/a
246,Drona,Dyke,ddyke6t@shareasale.com,5S,Eficiencia,2022-03-30,Health Care
247,Kipp,Postgate,kpostgate6u@cdc.gov,Mejor enfocada,Liderazgo,2021-01-15,n/a
248,Oswald,Aloway,oaloway6v@theatlantic.com,Mejor enfocada,Flexibilidad,2021-06-13,n/a
249,Letisha,Skone,lskone6w@trellian.com,Trabajo en equipo,Flexibilidad,2021-07-01,n/a
250,Silvester,Hazlegrove,shazlegrove6x@jigsy.com,Trabajo en equipo,Integridad,2021-05-18,Health Care
251,Selene,Hablot,shablot6y@geocities.com,Trabajo en equipo,Flexibilidad,2021-11-10,Finance
252,Dina,Lohmeyer,dlohmeyer6z@disqus.com,5S,Integridad,2021-07-21,Energy
253,Frannie,Huggill,fhuggill70@about.com,Mindset Digital,Liderazgo,2021-02-27,Finance
254,Dorey,Labbett,dlabbett71@nih.gov,5S,Integridad,2021-03-11,Finance
255,Selby,Di Carli,sdicarli72@vkontakte.ru,Trabajo en equipo,Liderazgo,2021-02-05,Health Care
256,Perrine,Amberg,pamberg73@goo.ne.jp,Mindset Digital,Eficiencia,2022-04-08,Technology
257,Travis,Waddilow,twaddilow74@reference.com,Trabajo en equipo,Integridad,2022-03-27,Health Care
258,Brody,Maron,bmaron75@japanpost.jp,Mejor enfocada,Flexibilidad,2021-01-31,Consumer Non-Durables
259,Ardelis,Kimmel,akimmel76@sciencedirect.com,5S,Flexibilidad,2021-09-14,Consumer Services
260,Erinn,D'Hooge,edhooge77@nsw.gov.au,Gestion visual,Liderazgo,2021-01-29,n/a
261,Tera,Chattington,tchattington78@reddit.com,Mindset Digital,Flexibilidad,2022-08-31,n/a
262,Nissie,Danaher,ndanaher79@gov.uk,Gestion visual,Eficiencia,2022-03-29,Public Utilities
263,Peggie,But,pbut7a@cocolog-nifty.com,Mindset Digital,Integridad,2021-03-25,Health Care
264,Trstram,Rispine,trispine7b@senate.gov,Mejor enfocada,Liderazgo,2021-03-15,Public Utilities
265,Lilla,Monkhouse,lmonkhouse7c@posterous.com,Trabajo en equipo,Eficiencia,2021-07-30,Public Utilities
266,Theadora,Whitham,twhitham7d@1und1.de,Mindset Digital,Flexibilidad,2022-09-29,Health Care
267,Nicola,Ragge,nragge7e@csmonitor.com,Mejor enfocada,Liderazgo,2022-05-01,Technology
268,Miner,Dudhill,mdudhill7f@acquirethisname.com,Mejor enfocada,Eficiencia,2021-04-01,Technology
269,Carlotta,Rieme,crieme7g@pagesperso-orange.fr,5S,Flexibilidad,2022-02-06,Consumer Durables
270,Hadleigh,Graine,hgraine7h@instagram.com,Mindset Digital,Integridad,2021-05-09,Transportation
271,Ilsa,Stather,istather7i@taobao.com,Gestion visual,Flexibilidad,2021-12-26,Consumer Services
272,Emlen,McNaught,emcnaught7j@globo.com,Mindset Digital,Eficiencia,2021-01-28,Health Care
273,Nathan,Brothers,nbrothers7k@cdc.gov,Gestion visual,Integridad,2022-06-12,Capital Goods
274,Byrle,Duly,bduly7l@flickr.com,Trabajo en equipo,Flexibilidad,2021-12-06,n/a
275,Rafi,Sebley,rsebley7m@moonfruit.com,5S,Flexibilidad,2021-07-21,Technology
276,Cherida,Grimsley,cgrimsley7n@wufoo.com,Mindset Digital,Integridad,2022-09-05,Consumer Services
277,Quincy,Diviny,qdiviny7o@w3.org,Mindset Digital,Flexibilidad,2021-06-17,Energy
278,Arliene,Mainston,amainston7p@reverbnation.com,Trabajo en equipo,Integridad,2022-01-19,Health Care
279,Alisha,Shelp,ashelp7q@prnewswire.com,Gestion visual,Liderazgo,2022-06-01,Health Care
280,Brina,Hunn,bhunn7r@de.vu,Gestion visual,Eficiencia,2022-11-17,Consumer Services
281,Franny,Cripwell,fcripwell7s@netscape.com,Gestion visual,Integridad,2022-06-28,Finance
282,Natal,Younghusband,nyounghusband7t@example.com,5S,Liderazgo,2021-02-22,Finance
283,Temp,Rumbelow,trumbelow7u@gmpg.org,Trabajo en equipo,Integridad,2021-12-08,n/a
284,Shoshana,Skeech,sskeech7v@studiopress.com,Trabajo en equipo,Flexibilidad,2022-06-03,Technology
285,Forbes,Liverseege,fliverseege7w@google.it,Mindset Digital,Integridad,2022-06-08,n/a
286,Hiram,Bownes,hbownes7x@angelfire.com,Mindset Digital,Flexibilidad,2021-12-13,Health Care
287,Annie,Pescod,apescod7y@domainmarket.com,5S,Flexibilidad,2021-09-29,Public Utilities
288,Elberta,Voas,evoas7z@blinklist.com,Gestion visual,Flexibilidad,2022-10-26,Public Utilities
289,Raff,Kemitt,rkemitt80@homestead.com,Mindset Digital,Eficiencia,2021-07-13,Transportation
290,Andras,Gagan,agagan81@census.gov,Mejor enfocada,Integridad,2021-07-09,Technology
291,Tierney,Dayer,tdayer82@chicagotribune.com,Mejor enfocada,Flexibilidad,2022-07-05,Technology
292,Anneliese,Gianninotti,agianninotti83@instagram.com,Trabajo en equipo,Flexibilidad,2021-01-14,Basic Industries
293,Elane,Herculeson,eherculeson84@fema.gov,Trabajo en equipo,Flexibilidad,2021-03-25,Health Care
294,Burton,Hildred,bhildred85@cpanel.net,Mindset Digital,Liderazgo,2021-07-23,Technology
295,Koren,Bath,kbath86@wix.com,Mindset Digital,Integridad,2021-07-14,n/a
296,Ali,Windle,awindle87@php.net,5S,Flexibilidad,2022-03-27,Basic Industries
297,Giuditta,Feild,gfeild88@redcross.org,Mejor enfocada,Integridad,2022-02-19,n/a
298,Alic,Darker,adarker89@dmoz.org,Trabajo en equipo,Integridad,2022-06-26,Health Care
299,Nahum,Gland,ngland8a@statcounter.com,Mejor enfocada,Flexibilidad,2021-02-14,Technology
300,Darice,Liddall,dliddall8b@cnbc.com,Mindset Digital,Eficiencia,2022-02-06,Consumer Services
301,Jaine,Jonathon,jjonathon8c@behance.net,Mejor enfocada,Flexibilidad,2021-06-14,Public Utilities
302,Ingaberg,Glavin,iglavin8d@msn.com,Gestion visual,Integridad,2021-01-03,Capital Goods
303,Tabor,Elsmere,telsmere8e@ycombinator.com,Mindset Digital,Integridad,2021-10-07,n/a
304,Delmor,Castanho,dcastanho8f@php.net,5S,Integridad,2021-12-28,n/a
305,Scotti,Upham,supham8g@ucsd.edu,Trabajo en equipo,Integridad,2021-11-10,Transportation
306,Pip,Hodjetts,phodjetts8h@themeforest.net,Trabajo en equipo,Integridad,2022-09-17,n/a
307,Arte,Ponder,aponder8i@npr.org,Mejor enfocada,Integridad,2022-03-24,Finance
308,Kirk,Dymick,kdymick8j@list-manage.com,Mejor enfocada,Liderazgo,2021-10-10,n/a
309,Teirtza,Zeplin,tzeplin8k@goodreads.com,5S,Eficiencia,2022-06-29,Transportation
310,Ferdie,Hugonin,fhugonin8l@macromedia.com,Mindset Digital,Eficiencia,2022-10-30,Consumer Services
311,Elva,Rizziello,erizziello8m@unicef.org,Gestion visual,Integridad,2022-09-30,Consumer Services
312,Karil,Ketchell,kketchell8n@bbc.co.uk,5S,Liderazgo,2021-02-11,Health Care
313,Cordelia,Pickover,cpickover8o@123-reg.co.uk,Mindset Digital,Integridad,2021-10-30,Capital Goods
314,Cornie,Senechell,csenechell8p@eepurl.com,Mindset Digital,Eficiencia,2022-09-21,Technology
315,Bron,Wickersham,bwickersham8q@nifty.com,Gestion visual,Flexibilidad,2022-05-26,Consumer Services
316,Byram,Gibb,bgibb8r@gravatar.com,Trabajo en equipo,Liderazgo,2021-03-18,Consumer Services
317,Glenine,Penwarden,gpenwarden8s@eventbrite.com,5S,Eficiencia,2021-02-19,Consumer Services
318,Brennan,Tancock,btancock8t@nymag.com,Mindset Digital,Flexibilidad,2021-03-13,n/a
319,Jasper,Couttes,jcouttes8u@wired.com,Mindset Digital,Integridad,2021-06-19,Consumer Services
320,Concettina,Brewett,cbrewett8v@unicef.org,Gestion visual,Flexibilidad,2022-03-02,Technology
321,Emyle,Redit,eredit8w@weather.com,Mindset Digital,Liderazgo,2021-03-22,n/a
322,Anni,Dettmar,adettmar8x@squarespace.com,Gestion visual,Liderazgo,2021-07-22,Health Care
323,Gabriela,Skeen,gskeen8y@furl.net,Mejor enfocada,Flexibilidad,2021-04-23,Finance
324,Sheila,Alldread,salldread8z@google.nl,Trabajo en equipo,Eficiencia,2022-12-26,Health Care
325,Ruthi,Exley,rexley90@nytimes.com,Mindset Digital,Flexibilidad,2021-03-07,Technology
326,Bunnie,Bogie,bbogie91@wiley.com,5S,Flexibilidad,2022-09-18,n/a
327,Odessa,Tipler,otipler92@joomla.org,Trabajo en equipo,Integridad,2021-07-03,Finance
328,Isiahi,Cockburn,icockburn93@unblog.fr,Gestion visual,Eficiencia,2022-11-23,Consumer Services
329,Gael,Hattrick,ghattrick94@google.co.jp,Mindset Digital,Liderazgo,2021-09-13,Health Care
330,Zaria,Mettericke,zmettericke95@elegantthemes.com,5S,Integridad,2022-07-01,Health Care
331,Rudd,Mc Gee,rmcgee96@accuweather.com,Mindset Digital,Integridad,2022-10-08,Consumer Services
332,Vernon,Applebee,vapplebee97@technorati.com,Trabajo en equipo,Eficiencia,2022-07-07,Consumer Services
333,Skye,Tomblin,stomblin98@people.com.cn,5S,Eficiencia,2021-05-11,Capital Goods
334,Gilberta,Hanhard,ghanhard99@guardian.co.uk,Gestion visual,Integridad,2021-01-24,n/a
335,Gav,Jahan,gjahan9a@amazon.com,Mindset Digital,Eficiencia,2022-12-17,Consumer Durables
336,Franchot,McLarty,fmclarty9b@simplemachines.org,Mejor enfocada,Eficiencia,2021-10-24,Finance
337,Valerie,Daniely,vdaniely9c@naver.com,Gestion visual,Flexibilidad,2021-05-22,n/a
338,Jaquenette,Orbine,jorbine9d@umn.edu,Gestion visual,Flexibilidad,2022-02-19,Energy
339,Max,Heersema,mheersema9e@cloudflare.com,Mindset Digital,Flexibilidad,2021-12-12,Consumer Durables
340,Barnett,Fruchter,bfruchter9f@jimdo.com,Mindset Digital,Liderazgo,2022-03-09,Finance
341,Mead,Ellesworthe,mellesworthe9g@cyberchimps.com,5S,Flexibilidad,2022-01-21,n/a
342,Moina,Clemont,mclemont9h@scientificamerican.com,Gestion visual,Flexibilidad,2022-12-02,n/a
343,Estevan,Scottrell,escottrell9i@mail.ru,Mindset Digital,Flexibilidad,2022-10-16,Consumer Non-Durables
344,Buffy,Carneck,bcarneck9j@slashdot.org,Mindset Digital,Integridad,2021-08-02,Miscellaneous
345,Mariana,Blackater,mblackater9k@com.com,Trabajo en equipo,Integridad,2021-03-07,n/a
346,Netta,Baudesson,nbaudesson9l@time.com,Trabajo en equipo,Liderazgo,2022-07-25,Consumer Non-Durables
347,Toby,Proudman,tproudman9m@hud.gov,5S,Liderazgo,2021-02-15,n/a
348,Bertram,Puleston,bpuleston9n@sciencedaily.com,Mindset Digital,Liderazgo,2022-05-27,Finance
349,Ruddie,Peterken,rpeterken9o@domainmarket.com,Mejor enfocada,Eficiencia,2021-06-16,Finance
350,Gibby,Crollman,gcrollman9p@lycos.com,Gestion visual,Integridad,2022-12-09,n/a
351,Reamonn,Idenden,ridenden9q@google.cn,Mindset Digital,Liderazgo,2021-04-05,n/a
352,Brina,Zuenelli,bzuenelli9r@washington.edu,Mindset Digital,Liderazgo,2021-04-15,Capital Goods
353,Mile,Blomfield,mblomfield9s@ox.ac.uk,5S,Integridad,2022-08-08,n/a
354,Julieta,Hynson,jhynson9t@newsvine.com,Gestion visual,Eficiencia,2021-12-01,Consumer Durables
355,Andrey,Moynihan,amoynihan9u@123-reg.co.uk,Gestion visual,Integridad,2022-10-09,Energy
356,Efren,Fiddymont,efiddymont9v@nsw.gov.au,Trabajo en equipo,Flexibilidad,2021-01-22,n/a
357,Joyce,Ouchterlony,jouchterlony9w@utexas.edu,5S,Integridad,2022-12-28,n/a
358,Tessa,Presswell,tpresswell9x@cargocollective.com,5S,Liderazgo,2021-10-29,Health Care
359,Correy,Upham,cupham9y@google.de,Gestion visual,Integridad,2021-04-16,Transportation
360,Madelle,Local,mlocal9z@cmu.edu,Mejor enfocada,Liderazgo,2022-02-14,Consumer Services
361,Norene,Hopfner,nhopfnera0@archive.org,Mindset Digital,Integridad,2022-03-30,Capital Goods
362,Cass,Stallworth,cstallwortha1@vk.com,Mindset Digital,Eficiencia,2022-09-09,Finance
363,Kesley,Bullimore,kbullimorea2@accuweather.com,Trabajo en equipo,Eficiencia,2022-08-23,Energy
364,Candace,Losselyong,closselyonga3@usda.gov,Mindset Digital,Liderazgo,2021-01-01,Health Care
365,Freedman,Benoi,fbenoia4@pbs.org,5S,Eficiencia,2021-05-13,Health Care
366,Dreddy,Greaterex,dgreaterexa5@columbia.edu,5S,Eficiencia,2021-03-30,Finance
367,Ulrica,Garthshore,ugarthshorea6@google.es,5S,Flexibilidad,2021-08-28,Consumer Services
368,Berri,Colston,bcolstona7@slashdot.org,Mindset Digital,Integridad,2022-08-05,Consumer Services
369,Layla,Bewicke,lbewickea8@google.com.hk,Trabajo en equipo,Eficiencia,2022-06-07,Consumer Services
370,Cullan,Hek,cheka9@godaddy.com,Gestion visual,Integridad,2022-04-20,Health Care
371,Jacklyn,Farquharson,jfarquharsonaa@globo.com,5S,Liderazgo,2022-02-12,n/a
372,Ekaterina,Haller,ehallerab@soup.io,Trabajo en equipo,Integridad,2021-04-24,Energy
373,Durante,Grimsdith,dgrimsdithac@ehow.com,Mindset Digital,Integridad,2022-02-09,n/a
374,Felike,Oldfield,foldfieldad@europa.eu,5S,Integridad,2021-06-02,Health Care
375,Jill,Burge,jburgeae@nba.com,Trabajo en equipo,Eficiencia,2021-08-04,n/a
376,Ferdy,Dursley,fdursleyaf@google.pl,Mejor enfocada,Eficiencia,2021-08-08,Basic Industries
377,Lindsay,Heatherington,lheatheringtonag@admin.ch,Gestion visual,Flexibilidad,2021-10-14,Consumer Services
378,Lisa,Lake,llakeah@dmoz.org,Gestion visual,Flexibilidad,2021-08-01,Finance
379,Portia,Buckenham,pbuckenhamai@imdb.com,5S,Flexibilidad,2022-05-27,Health Care
380,Maddy,Noblet,mnobletaj@howstuffworks.com,Mejor enfocada,Flexibilidad,2022-01-04,Capital Goods
381,Stephenie,Aggus,saggusak@apache.org,Mejor enfocada,Eficiencia,2021-03-19,Finance
382,Nicola,Anderton,nandertonal@xinhuanet.com,5S,Integridad,2022-10-14,Health Care
383,Nicolina,Foucar,nfoucaram@blinklist.com,Mejor enfocada,Liderazgo,2022-09-02,Health Care
384,Audie,Crimes,acrimesan@moonfruit.com,Gestion visual,Integridad,2021-10-22,Consumer Services
385,Nollie,McPike,nmcpikeao@cafepress.com,5S,Flexibilidad,2022-08-22,Finance
386,Grantley,Rampage,grampageap@odnoklassniki.ru,5S,Integridad,2022-07-03,n/a
387,Nelie,Karp,nkarpaq@devhub.com,5S,Integridad,2021-08-24,Consumer Non-Durables
388,Emeline,Kenn,ekennar@wsj.com,Gestion visual,Liderazgo,2022-03-03,Finance
389,Hallie,Fretson,hfretsonas@apple.com,Mindset Digital,Integridad,2021-06-22,Consumer Non-Durables
390,Starr,Michieli,smichieliat@51.la,Mejor enfocada,Flexibilidad,2021-11-20,Health Care
391,Tawnya,Skrine,tskrineau@apple.com,Trabajo en equipo,Eficiencia,2021-09-19,n/a
392,Essy,Clint,eclintav@geocities.jp,Trabajo en equipo,Eficiencia,2021-06-17,Technology
393,Sharlene,Luciano,slucianoaw@slate.com,Gestion visual,Flexibilidad,2021-07-22,Finance
394,Cherish,Bewshaw,cbewshawax@rakuten.co.jp,Mindset Digital,Liderazgo,2021-12-30,Finance
395,Fayina,Nardi,fnardiay@over-blog.com,Mejor enfocada,Liderazgo,2022-02-15,Finance
396,Seward,Cashman,scashmanaz@ucla.edu,5S,Integridad,2022-11-28,Finance
397,Gayler,Hynam,ghynamb0@wunderground.com,Gestion visual,Eficiencia,2021-04-14,Public Utilities
398,Norri,Saura,nsaurab1@dell.com,Trabajo en equipo,Flexibilidad,2022-05-07,Health Care
399,Maureene,Gerren,mgerrenb2@wikipedia.org,Mindset Digital,Flexibilidad,2022-09-23,Public Utilities
400,Buffy,Thorsby,bthorsbyb3@google.co.jp,Gestion visual,Liderazgo,2022-08-26,Health Care
401,Chrissy,Dungate,cdungateb4@craigslist.org,Mindset Digital,Flexibilidad,2021-01-23,Health Care
402,Xena,Habden,xhabdenb5@time.com,Mejor enfocada,Liderazgo,2021-08-19,n/a
403,Carrol,Rosensaft,crosensaftb6@aol.com,Mindset Digital,Flexibilidad,2021-06-03,Capital Goods
404,Rip,Bolzmann,rbolzmannb7@columbia.edu,Gestion visual,Liderazgo,2021-09-21,Finance
405,Kinsley,Pheasey,kpheaseyb8@usa.gov,Mejor enfocada,Integridad,2021-12-26,Finance
406,Phyllis,Beggan,pbegganb9@cbslocal.com,5S,Liderazgo,2021-08-14,Consumer Services
407,Kimmie,Filippi,kfilippiba@devhub.com,Mindset Digital,Integridad,2021-04-28,Basic Industries
408,Gwennie,Carle,gcarlebb@cisco.com,Gestion visual,Eficiencia,2022-10-13,n/a
409,Conney,Marjoribanks,cmarjoribanksbc@edublogs.org,Gestion visual,Eficiencia,2021-09-01,Consumer Services
410,Brandie,Elloy,belloybd@squarespace.com,5S,Eficiencia,2022-08-15,Finance
411,Westleigh,Anthiftle,wanthiftlebe@ox.ac.uk,Mejor enfocada,Eficiencia,2022-09-22,n/a
412,Levon,Folds,lfoldsbf@pagesperso-orange.fr,5S,Eficiencia,2021-08-04,n/a
413,Vinny,Ferraraccio,vferraracciobg@over-blog.com,Mindset Digital,Integridad,2022-03-29,n/a
414,Banky,Rivlin,brivlinbh@businesswire.com,5S,Liderazgo,2022-09-08,Consumer Services
415,Fran,Jaffray,fjaffraybi@soundcloud.com,Gestion visual,Integridad,2021-09-03,Public Utilities
416,Hughie,Vasyushkhin,hvasyushkhinbj@umich.edu,Mejor enfocada,Integridad,2022-08-14,Energy
417,Samuel,Baynes,sbaynesbk@dion.ne.jp,Mejor enfocada,Flexibilidad,2022-10-20,n/a
418,Rogerio,Sinncock,rsinncockbl@fema.gov,Mindset Digital,Integridad,2022-02-03,Finance
419,Maynard,Kirkebye,mkirkebyebm@patch.com,Mindset Digital,Eficiencia,2021-04-17,Public Utilities
420,Earlie,Sorrill,esorrillbn@state.gov,Trabajo en equipo,Integridad,2022-08-17,Health Care
421,Kaine,Kagan,kkaganbo@networksolutions.com,Trabajo en equipo,Eficiencia,2021-04-08,n/a
422,Vin,Palfrey,vpalfreybp@unicef.org,Mindset Digital,Eficiencia,2022-11-22,Technology
423,Chloette,Gayden,cgaydenbq@fastcompany.com,5S,Liderazgo,2021-12-02,Finance
424,Mabel,Habberjam,mhabberjambr@issuu.com,Gestion visual,Integridad,2021-03-17,Consumer Non-Durables
425,Timothee,Sich,tsichbs@zimbio.com,Mindset Digital,Flexibilidad,2021-07-05,Finance
426,Ronni,Ruckhard,rruckhardbt@dmoz.org,5S,Flexibilidad,2022-02-12,Consumer Services
427,Clair,Mulberry,cmulberrybu@wp.com,Gestion visual,Flexibilidad,2021-08-18,Finance
428,Daune,Rymer,drymerbv@fda.gov,Trabajo en equipo,Integridad,2022-06-23,Finance
429,Sallyann,Sterling,ssterlingbw@europa.eu,Trabajo en equipo,Flexibilidad,2021-01-23,Technology
430,Britte,Sheehy,bsheehybx@xinhuanet.com,Mejor enfocada,Integridad,2021-03-07,n/a
431,Thalia,Rippin,trippinby@usgs.gov,Mindset Digital,Integridad,2022-08-14,n/a
432,Kellia,Figure,kfigurebz@guardian.co.uk,Mindset Digital,Liderazgo,2021-12-09,n/a
433,Karalynn,Earengey,kearengeyc0@skype.com,Mejor enfocada,Flexibilidad,2021-08-23,Finance
434,Thorny,Giacopazzi,tgiacopazzic1@w3.org,Trabajo en equipo,Flexibilidad,2021-08-28,Technology
435,Bonny,Ibbotson,bibbotsonc2@goodreads.com,Mejor enfocada,Integridad,2022-08-21,Consumer Services
436,Pollyanna,Aleveque,palevequec3@drupal.org,Gestion visual,Flexibilidad,2022-06-25,Health Care
437,Deina,Haighton,dhaightonc4@google.ca,5S,Flexibilidad,2022-03-06,Public Utilities
438,Andie,Maulin,amaulinc5@com.com,Mejor enfocada,Flexibilidad,2021-06-06,Consumer Services
439,Graehme,McDuall,gmcduallc6@tinyurl.com,Mejor enfocada,Liderazgo,2021-09-03,n/a
440,Franni,Baily,fbailyc7@bloglines.com,Mindset Digital,Integridad,2021-10-16,Health Care
441,Tybalt,Eneas,teneasc8@wp.com,Trabajo en equipo,Flexibilidad,2021-04-26,Finance
442,Nola,Purrington,npurringtonc9@360.cn,Gestion visual,Integridad,2021-12-01,Consumer Services
443,Jaine,Ikin,jikinca@bloglovin.com,5S,Eficiencia,2021-05-05,Consumer Services
444,Ulysses,MacFadin,umacfadincb@netvibes.com,Gestion visual,Integridad,2022-10-27,Capital Goods
445,Dorri,Gumb,dgumbcc@123-reg.co.uk,Mejor enfocada,Flexibilidad,2021-04-30,n/a
446,Fiona,Savile,fsavilecd@trellian.com,Mindset Digital,Integridad,2021-12-28,Capital Goods
447,Chelsie,Catcherside,ccatchersidece@alexa.com,Mejor enfocada,Liderazgo,2021-10-30,Public Utilities
448,Audie,Martinot,amartinotcf@devhub.com,Mindset Digital,Integridad,2022-02-16,Consumer Services
449,Garrett,Robottom,grobottomcg@com.com,Mejor enfocada,Eficiencia,2021-09-17,Basic Industries
450,Sibylle,Tewkesberry,stewkesberrych@gov.uk,Mindset Digital,Flexibilidad,2021-12-01,Consumer Services
451,Bunny,Durdle,bdurdleci@unicef.org,Mindset Digital,Liderazgo,2021-10-03,Consumer Services
452,Dmitri,Tapscott,dtapscottcj@mac.com,Mejor enfocada,Flexibilidad,2022-03-25,Health Care
453,Stinky,Cabotto,scabottock@economist.com,Mejor enfocada,Integridad,2021-08-06,n/a
454,Rhetta,Van Bruggen,rvanbruggencl@cmu.edu,Trabajo en equipo,Integridad,2021-09-24,Finance
455,Hoyt,Goaley,hgoaleycm@typepad.com,Mejor enfocada,Eficiencia,2022-10-28,Basic Industries
456,Berta,Fedder,bfeddercn@sina.com.cn,Gestion visual,Eficiencia,2022-04-25,Technology
457,Hewe,Caukill,hcaukillco@purevolume.com,Mindset Digital,Liderazgo,2021-06-20,n/a
458,Marcellus,Veness,mvenesscp@elegantthemes.com,Gestion visual,Integridad,2022-08-04,Consumer Durables
459,Tracy,Gange,tgangecq@t-online.de,Trabajo en equipo,Liderazgo,2022-07-11,Technology
460,Paolina,Dripps,pdrippscr@craigslist.org,Trabajo en equipo,Eficiencia,2021-03-30,Health Care
461,Kass,Regglar,kregglarcs@lulu.com,Mejor enfocada,Flexibilidad,2022-03-28,Consumer Non-Durables
462,Neille,Immer,nimmerct@fotki.com,Gestion visual,Liderazgo,2022-08-31,Technology
463,Betsy,Veck,bveckcu@meetup.com,Mejor enfocada,Eficiencia,2022-11-18,Consumer Services
464,Audrye,Wilding,awildingcv@a8.net,5S,Liderazgo,2022-03-12,Basic Industries
465,Tammi,Rossiter,trossitercw@paypal.com,Mejor enfocada,Integridad,2021-07-21,n/a
466,Holden,Brazier,hbraziercx@addthis.com,Trabajo en equipo,Liderazgo,2021-09-01,Capital Goods
467,Jamey,Feighney,jfeighneycy@independent.co.uk,5S,Eficiencia,2021-04-22,Consumer Durables
468,Ketti,Fernier,kferniercz@ibm.com,Trabajo en equipo,Flexibilidad,2022-02-14,Technology
469,Cecilla,Meharg,cmehargd0@360.cn,Mejor enfocada,Liderazgo,2021-10-17,Energy
470,Dal,Dries,ddriesd1@opera.com,Mejor enfocada,Eficiencia,2022-04-21,Health Care
471,Miriam,Crewe,mcrewed2@vkontakte.ru,Trabajo en equipo,Flexibilidad,2022-09-20,Technology
472,Donovan,Carcas,dcarcasd3@un.org,Trabajo en equipo,Liderazgo,2021-12-04,Finance
473,Corney,Rowat,crowatd4@apache.org,Trabajo en equipo,Flexibilidad,2022-04-20,Finance
474,Town,Whotton,twhottond5@networksolutions.com,Mejor enfocada,Eficiencia,2021-04-09,n/a
475,Boycie,Buten,bbutend6@yelp.com,Mindset Digital,Flexibilidad,2021-08-20,Capital Goods
476,Fleming,Breen,fbreend7@spotify.com,Mindset Digital,Eficiencia,2022-02-03,Miscellaneous
477,Bliss,Gadie,bgadied8@princeton.edu,Gestion visual,Integridad,2022-06-01,Energy
478,Odey,Grewar,ogreward9@homestead.com,Gestion visual,Integridad,2021-12-27,n/a
479,Dino,Downe,ddowneda@tumblr.com,Mejor enfocada,Flexibilidad,2021-07-18,Technology
480,Gus,Grayshon,ggrayshondb@army.mil,Mejor enfocada,Eficiencia,2022-01-30,Technology
481,Parker,Bamford,pbamforddc@dyndns.org,Mindset Digital,Integridad,2021-05-29,Technology
482,Kora,Elleray,kelleraydd@globo.com,Gestion visual,Flexibilidad,2022-07-12,n/a
483,Samaria,Bungey,sbungeyde@hugedomains.com,Mindset Digital,Liderazgo,2021-08-02,Consumer Services
484,Bill,Sydry,bsydrydf@imageshack.us,Trabajo en equipo,Liderazgo,2022-07-13,Basic Industries
485,Jarib,De Leek,jdeleekdg@surveymonkey.com,Mindset Digital,Liderazgo,2022-01-16,Technology
486,Jacinthe,Cano,jcanodh@google.de,Mindset Digital,Liderazgo,2021-04-10,n/a
487,Perkin,Dymott,pdymottdi@example.com,Gestion visual,Flexibilidad,2022-01-31,Health Care
488,Miquela,Munkley,mmunkleydj@hatena.ne.jp,5S,Flexibilidad,2022-02-11,Consumer Services
489,Zuzana,Kupec,zkupecdk@dropbox.com,Trabajo en equipo,Liderazgo,2022-09-01,Consumer Services
490,Mathilda,Dingate,mdingatedl@sogou.com,Trabajo en equipo,Flexibilidad,2022-01-07,Finance
491,Gan,Nuton,gnutondm@slideshare.net,Mindset Digital,Eficiencia,2021-05-23,Energy
492,Janella,Grunbaum,jgrunbaumdn@dmoz.org,Gestion visual,Liderazgo,2021-08-31,Energy
493,Carolina,Cleife,ccleifedo@globo.com,Mindset Digital,Liderazgo,2021-07-31,Consumer Services
494,Ivonne,Caush,icaushdp@baidu.com,Mejor enfocada,Flexibilidad,2022-01-02,Public Utilities
495,Celestina,Baiss,cbaissdq@weibo.com,Trabajo en equipo,Liderazgo,2021-05-02,n/a
496,Pietra,Dorning,pdorningdr@tmall.com,Trabajo en equipo,Eficiencia,2021-11-15,n/a
497,Susannah,Dmtrovic,sdmtrovicds@altervista.org,Trabajo en equipo,Flexibilidad,2022-10-27,Health Care
498,Jorgan,Skirving,jskirvingdt@icq.com,Gestion visual,Liderazgo,2021-08-30,Finance
499,Baryram,Dunan,bdunandu@friendfeed.com,Mindset Digital,Liderazgo,2022-11-19,Finance
500,Luise,Clampin,lclampindv@flickr.com,5S,Flexibilidad,2021-04-04,Public Utilities
501,Simone,Jakobssen,sjakobssendw@mediafire.com,5S,Liderazgo,2021-05-17,n/a
502,Mallory,Le Noury,mlenourydx@nytimes.com,Gestion visual,Liderazgo,2021-01-10,Finance
503,Waylen,Varsey,wvarseydy@mysql.com,5S,Flexibilidad,2021-11-17,n/a
504,Tarah,Westraw,twestrawdz@infoseek.co.jp,Mindset Digital,Flexibilidad,2021-09-28,Consumer Durables
505,Hesther,Grebbin,hgrebbine0@omniture.com,Trabajo en equipo,Liderazgo,2021-10-03,n/a
506,Hamlen,Mowle,hmowlee1@over-blog.com,Gestion visual,Liderazgo,2022-11-22,n/a
507,Karlee,MacCahee,kmaccaheee2@google.ca,Trabajo en equipo,Liderazgo,2021-09-23,Finance
508,Letti,Rossin,lrossine3@dyndns.org,Trabajo en equipo,Integridad,2021-07-04,Finance
509,Otes,Langridge,olangridgee4@archive.org,5S,Liderazgo,2021-12-06,n/a
510,Vonni,Carlow,vcarlowe5@upenn.edu,Mejor enfocada,Liderazgo,2021-05-17,n/a
511,Cissiee,Clampe,cclampee6@nih.gov,Trabajo en equipo,Eficiencia,2021-02-24,Finance
512,Clara,Tincknell,ctincknelle7@upenn.edu,Mejor enfocada,Integridad,2022-04-03,n/a
513,Eduino,Jindrich,ejindriche8@noaa.gov,5S,Liderazgo,2022-11-20,Finance
514,Dorelle,Cattenach,dcattenache9@networkadvertising.org,5S,Eficiencia,2021-08-23,n/a
515,Frederik,Blankau,fblankauea@issuu.com,Gestion visual,Flexibilidad,2022-12-17,Health Care
516,Becca,Vanne,bvanneeb@people.com.cn,5S,Liderazgo,2022-06-24,Energy
517,Liz,Drewell,ldrewellec@accuweather.com,5S,Integridad,2021-11-28,Health Care
518,Brianna,Howlings,bhowlingsed@livejournal.com,5S,Integridad,2021-02-14,n/a
519,Lorna,Cockett,lcockettee@4shared.com,Mindset Digital,Integridad,2021-02-24,n/a
520,Charis,Brace,cbraceef@facebook.com,Mejor enfocada,Integridad,2022-01-13,Finance
521,Kiah,Yeld,kyeldeg@ca.gov,5S,Integridad,2021-12-12,Consumer Services
522,Dilly,Pallesen,dpalleseneh@umich.edu,5S,Eficiencia,2021-09-14,Technology
523,Traci,Needham,tneedhamei@elegantthemes.com,Trabajo en equipo,Eficiencia,2021-04-16,Consumer Non-Durables
524,Alleyn,Snary,asnaryej@blogtalkradio.com,Trabajo en equipo,Liderazgo,2021-03-19,n/a
525,Ozzy,Stefanovic,ostefanovicek@dion.ne.jp,5S,Eficiencia,2022-11-05,Health Care
526,Ollie,Iacovo,oiacovoel@ucsd.edu,Gestion visual,Eficiencia,2022-04-19,Consumer Services
527,Cassey,Purvess,cpurvessem@myspace.com,Gestion visual,Liderazgo,2021-08-23,Health Care
528,Cammy,Booth-Jarvis,cboothjarvisen@ucsd.edu,Gestion visual,Eficiencia,2021-03-09,n/a
529,Sherwood,Minelli,sminellieo@constantcontact.com,Trabajo en equipo,Eficiencia,2021-09-17,n/a
530,Nigel,Culpin,nculpinep@msn.com,Mindset Digital,Flexibilidad,2022-03-17,Consumer Services
531,Erie,Firks,efirkseq@ifeng.com,Mejor enfocada,Integridad,2022-07-03,Technology
532,Tawnya,Raistrick,traistricker@csmonitor.com,Gestion visual,Flexibilidad,2021-05-16,Finance
533,Yuri,Dyas,ydyases@etsy.com,Mejor enfocada,Flexibilidad,2022-04-06,Health Care
534,Lilias,Castleton,lcastletonet@hc360.com,Gestion visual,Eficiencia,2022-12-02,Finance
535,Chicky,Houselee,chouseleeeu@tinypic.com,Trabajo en equipo,Integridad,2021-11-01,n/a
536,Bryanty,Gillow,bgillowev@auda.org.au,Trabajo en equipo,Eficiencia,2021-11-04,Finance
537,Salim,Kave,skaveew@fda.gov,Mindset Digital,Liderazgo,2021-07-17,Finance
538,Archambault,Pietri,apietriex@whitehouse.gov,5S,Liderazgo,2022-01-27,Consumer Non-Durables
539,Liuka,Bampkin,lbampkiney@vkontakte.ru,Mejor enfocada,Eficiencia,2021-11-30,Health Care
540,Merle,Weeke,mweekeez@odnoklassniki.ru,Gestion visual,Liderazgo,2021-05-02,n/a
541,Mohammed,Feifer,mfeiferf0@time.com,Mindset Digital,Eficiencia,2022-08-26,Health Care
542,Nomi,Longland,nlonglandf1@t.co,Mindset Digital,Liderazgo,2021-04-08,Consumer Services
543,Rudolf,Radband,rradbandf2@comcast.net,Mindset Digital,Eficiencia,2022-12-26,Technology
544,Jessie,Larkworthy,jlarkworthyf3@answers.com,5S,Liderazgo,2022-12-30,Finance
545,Dionis,Vasile,dvasilef4@acquirethisname.com,5S,Integridad,2021-08-09,Health Care
546,Consolata,Raspin,craspinf5@gov.uk,Mindset Digital,Eficiencia,2022-03-24,Consumer Services
547,Tyson,Yockley,tyockleyf6@cam.ac.uk,Mejor enfocada,Eficiencia,2021-07-03,Capital Goods
548,Stephine,Krojn,skrojnf7@accuweather.com,Gestion visual,Flexibilidad,2022-11-14,Finance
549,Burlie,MacGow,bmacgowf8@census.gov,5S,Liderazgo,2022-10-05,Technology
550,Kassia,De Gregoli,kdegregolif9@usnews.com,Trabajo en equipo,Integridad,2021-11-18,n/a
551,Ania,Girault,agiraultfa@baidu.com,Mejor enfocada,Integridad,2022-07-30,Technology
552,Titos,Brobak,tbrobakfb@jigsy.com,Mindset Digital,Liderazgo,2022-12-19,Consumer Services
553,Meta,Eastlake,meastlakefc@t-online.de,5S,Integridad,2021-08-13,Finance
554,Timothee,Horwell,thorwellfd@aboutads.info,Mejor enfocada,Eficiencia,2022-06-10,Finance
555,Pernell,Gorman,pgormanfe@seesaa.net,Trabajo en equipo,Eficiencia,2021-07-31,Technology
556,Fleurette,Fluit,ffluitff@google.co.jp,Mejor enfocada,Eficiencia,2021-05-08,Health Care
557,Dasi,Whiffen,dwhiffenfg@sakura.ne.jp,Gestion visual,Liderazgo,2021-04-02,Miscellaneous
558,Catina,Scholig,cscholigfh@discuz.net,5S,Eficiencia,2022-07-31,Finance
559,Babita,Jiggle,bjigglefi@ebay.co.uk,Gestion visual,Liderazgo,2022-12-21,n/a
560,Garey,McHugh,gmchughfj@economist.com,Mindset Digital,Eficiencia,2021-02-24,Energy
561,Ilyssa,Whaymand,iwhaymandfk@phpbb.com,Gestion visual,Liderazgo,2022-06-29,Finance
562,Krishna,Klouz,kklouzfl@hugedomains.com,5S,Liderazgo,2022-06-11,n/a
563,Raine,Spira,rspirafm@about.com,Mindset Digital,Flexibilidad,2021-12-26,Finance
564,Kristopher,Tolchard,ktolchardfn@theguardian.com,5S,Flexibilidad,2022-07-29,Finance
565,Vitoria,Diggles,vdigglesfo@shutterfly.com,Mejor enfocada,Eficiencia,2021-12-18,n/a
566,Erwin,Moulden,emouldenfp@businessweek.com,Mejor enfocada,Liderazgo,2021-01-17,Finance
567,Dena,Hubbuck,dhubbuckfq@unicef.org,Mejor enfocada,Flexibilidad,2022-10-29,n/a
568,Darrel,Merwood,dmerwoodfr@walmart.com,Mejor enfocada,Liderazgo,2021-08-16,Basic Industries
569,Barnard,Muehle,bmuehlefs@washingtonpost.com,Gestion visual,Liderazgo,2021-06-07,n/a
570,Monty,Keford,mkefordft@buzzfeed.com,Gestion visual,Integridad,2021-06-07,Transportation
571,Gregoor,Gildersleaves,ggildersleavesfu@uiuc.edu,5S,Flexibilidad,2021-08-10,Health Care
572,Darrick,Heymes,dheymesfv@reference.com,Mindset Digital,Eficiencia,2021-07-22,Technology
573,Gottfried,Titford,gtitfordfw@bigcartel.com,Trabajo en equipo,Liderazgo,2022-10-07,n/a
574,Lorrayne,Cozby,lcozbyfx@usa.gov,Mejor enfocada,Liderazgo,2022-09-11,n/a
575,Pace,Coyett,pcoyettfy@huffingtonpost.com,5S,Flexibilidad,2021-03-09,Health Care
576,Sybil,Blackburne,sblackburnefz@canalblog.com,5S,Eficiencia,2022-01-09,Miscellaneous
577,Martha,Greensides,mgreensidesg0@howstuffworks.com,Trabajo en equipo,Integridad,2021-04-02,Health Care
578,Freddie,Hulance,fhulanceg1@google.cn,Gestion visual,Liderazgo,2021-03-25,Health Care
579,Morrie,Ruddick,mruddickg2@multiply.com,Mejor enfocada,Flexibilidad,2022-06-08,Technology
580,Ellen,Milner,emilnerg3@miitbeian.gov.cn,Mejor enfocada,Integridad,2022-09-28,n/a
581,Kore,Clapison,kclapisong4@a8.net,Mejor enfocada,Flexibilidad,2022-06-08,Consumer Services
582,Michele,Slora,mslorag5@ted.com,5S,Liderazgo,2021-12-08,Finance
583,Sukey,Peche,specheg6@huffingtonpost.com,Trabajo en equipo,Flexibilidad,2021-04-04,Basic Industries
584,Gilligan,Struttman,gstruttmang7@sbwire.com,5S,Liderazgo,2022-11-15,n/a
585,Leonidas,Adney,ladneyg8@mac.com,Gestion visual,Eficiencia,2022-03-05,Energy
586,Frayda,Sivills,fsivillsg9@webeden.co.uk,Mindset Digital,Liderazgo,2022-07-09,n/a
587,Francene,Riggey,friggeyga@bbc.co.uk,Trabajo en equipo,Integridad,2021-09-27,n/a
588,Tarrah,Summergill,tsummergillgb@mail.ru,Gestion visual,Flexibilidad,2021-09-05,Technology
589,Coral,Grishenkov,cgrishenkovgc@goo.gl,Mejor enfocada,Flexibilidad,2022-08-22,Technology
590,Zia,Franzelini,zfranzelinigd@prnewswire.com,Trabajo en equipo,Liderazgo,2021-04-15,Consumer Durables
591,Evonne,Blundel,eblundelge@godaddy.com,Mejor enfocada,Flexibilidad,2021-03-12,Finance
592,Aguste,Dumberell,adumberellgf@npr.org,Mejor enfocada,Flexibilidad,2021-01-03,Finance
593,Diann,Snazle,dsnazlegg@google.pl,Mejor enfocada,Eficiencia,2021-10-06,Energy
594,Lavina,O'Shavlan,loshavlangh@digg.com,Mindset Digital,Integridad,2022-07-16,n/a
595,Maryl,Basek,mbasekgi@msu.edu,Trabajo en equipo,Eficiencia,2022-07-26,Consumer Services
596,Algernon,Bohlsen,abohlsengj@omniture.com,Trabajo en equipo,Liderazgo,2021-08-08,Health Care
597,Mimi,Shapira,mshapiragk@discuz.net,Mejor enfocada,Flexibilidad,2021-05-28,Health Care
598,Agatha,Watmore,awatmoregl@edublogs.org,Trabajo en equipo,Eficiencia,2021-02-13,Technology
599,Nannie,Kordas,nkordasgm@elegantthemes.com,Gestion visual,Integridad,2021-03-31,Health Care
600,Tressa,Isac,tisacgn@lulu.com,5S,Eficiencia,2022-11-24,Health Care
601,Francisca,Exer,fexergo@imgur.com,Mejor enfocada,Flexibilidad,2022-11-30,Capital Goods
602,Barnabe,Swigger,bswiggergp@blogspot.com,Mejor enfocada,Integridad,2021-03-31,n/a
603,Minnie,Bollis,mbollisgq@state.gov,Trabajo en equipo,Integridad,2022-08-20,n/a
604,Che,Ruler,crulergr@reuters.com,Gestion visual,Flexibilidad,2022-08-16,n/a
605,Casi,Swate,cswategs@blinklist.com,Mejor enfocada,Flexibilidad,2021-06-27,n/a
606,Pooh,Yansons,pyansonsgt@abc.net.au,Trabajo en equipo,Eficiencia,2022-09-16,Finance
607,Calida,Learman,clearmangu@cloudflare.com,Gestion visual,Flexibilidad,2022-03-03,Technology
608,Jacynth,Greatland,jgreatlandgv@sakura.ne.jp,Mejor enfocada,Flexibilidad,2021-05-14,Consumer Services
609,Clifford,O'Loughane,coloughanegw@newyorker.com,Mindset Digital,Integridad,2022-11-10,Finance
610,Trumann,Brambley,tbrambleygx@icio.us,Trabajo en equipo,Flexibilidad,2022-08-12,n/a
611,Vivien,Stuke,vstukegy@hugedomains.com,Mindset Digital,Flexibilidad,2022-01-01,Consumer Non-Durables
612,Ariadne,Saunter,asauntergz@blogspot.com,Mindset Digital,Liderazgo,2022-03-11,Basic Industries
613,Correy,Nelsen,cnelsenh0@hubpages.com,5S,Liderazgo,2022-07-25,Consumer Durables
614,Marleah,Southerns,msouthernsh1@bing.com,Mejor enfocada,Liderazgo,2022-04-15,Health Care
615,Marya,Coy,mcoyh2@sourceforge.net,5S,Liderazgo,2022-12-12,Technology
616,Tootsie,Roose,trooseh3@studiopress.com,Mindset Digital,Eficiencia,2022-06-05,Transportation
617,Karlyn,Darlaston,kdarlastonh4@prnewswire.com,5S,Flexibilidad,2022-12-24,Consumer Services
618,Esme,Lightfoot,elightfooth5@php.net,5S,Liderazgo,2021-05-09,Health Care
619,Edgar,Schulke,eschulkeh6@bloomberg.com,Mindset Digital,Flexibilidad,2021-12-13,n/a
620,Adriaens,Cridge,acridgeh7@sohu.com,Gestion visual,Flexibilidad,2021-07-19,Energy
621,Chen,Mugg,cmuggh8@mediafire.com,Mejor enfocada,Flexibilidad,2022-03-29,Basic Industries
622,Margo,McAndie,mmcandieh9@senate.gov,Mejor enfocada,Flexibilidad,2021-09-28,Public Utilities
623,Zonnya,Gillison,zgillisonha@ycombinator.com,Trabajo en equipo,Eficiencia,2022-09-12,Finance
624,Noellyn,Surman,nsurmanhb@amazonaws.com,Gestion visual,Flexibilidad,2021-06-23,Consumer Services
625,Alia,Wand,awandhc@oaic.gov.au,5S,Integridad,2022-01-03,n/a
626,Reinald,Oselton,roseltonhd@free.fr,Trabajo en equipo,Eficiencia,2022-05-02,Basic Industries
627,Estele,Terren,eterrenhe@devhub.com,5S,Eficiencia,2022-05-16,Technology
628,Ilka,Heggman,iheggmanhf@aol.com,Mejor enfocada,Liderazgo,2022-02-03,Energy
629,Suzann,Perring,sperringhg@topsy.com,Mindset Digital,Flexibilidad,2022-10-14,Miscellaneous
630,Lillian,McClymond,lmcclymondhh@house.gov,Trabajo en equipo,Liderazgo,2022-01-30,Capital Goods
631,Hillier,McKinnon,hmckinnonhi@joomla.org,Gestion visual,Integridad,2022-09-10,Consumer Services
632,Leland,Siemon,lsiemonhj@symantec.com,Mindset Digital,Eficiencia,2021-03-24,n/a
633,Eimile,Kinder,ekinderhk@ucoz.ru,Mejor enfocada,Liderazgo,2021-05-21,Finance
634,Odella,Denyer,odenyerhl@alibaba.com,Mejor enfocada,Flexibilidad,2022-05-17,Technology
635,Che,Tubbs,ctubbshm@altervista.org,5S,Integridad,2021-02-01,Basic Industries
636,Balduin,Buzza,bbuzzahn@unesco.org,Gestion visual,Eficiencia,2021-07-06,Health Care
637,Laurence,Rishworth,lrishworthho@mapy.cz,Trabajo en equipo,Eficiencia,2021-10-06,Public Utilities
638,Esme,Brash,ebrashhp@qq.com,Trabajo en equipo,Integridad,2021-04-05,Basic Industries
639,Cecil,Bedow,cbedowhq@tripadvisor.com,Gestion visual,Liderazgo,2021-11-08,Finance
640,Coretta,Scartifield,cscartifieldhr@ehow.com,Gestion visual,Liderazgo,2021-09-25,n/a
641,Kandace,Bramham,kbramhamhs@wsj.com,Mejor enfocada,Integridad,2022-10-13,Public Utilities
642,Guillaume,Lovell,glovellht@ocn.ne.jp,Mindset Digital,Liderazgo,2022-11-26,Consumer Durables
643,Haze,Bernaciak,hbernaciakhu@oracle.com,Gestion visual,Liderazgo,2022-05-19,Finance
644,Yoko,Wollaston,ywollastonhv@google.ca,5S,Integridad,2021-10-04,Miscellaneous
645,Kristos,Bartol,kbartolhw@unc.edu,Gestion visual,Flexibilidad,2021-09-24,Technology
646,Town,Jacob,tjacobhx@hexun.com,Trabajo en equipo,Eficiencia,2021-02-07,Energy
647,Dunn,Dymick,ddymickhy@answers.com,Trabajo en equipo,Flexibilidad,2021-09-08,n/a
648,Yolande,Grogor,ygrogorhz@tripadvisor.com,Mindset Digital,Integridad,2021-12-13,Technology
649,Karleen,Bonass,kbonassi0@icq.com,5S,Eficiencia,2021-04-03,n/a
650,Bail,Palay,bpalayi1@wordpress.org,Trabajo en equipo,Integridad,2022-04-22,Health Care
651,Lanita,Batey,lbateyi2@xinhuanet.com,Mejor enfocada,Liderazgo,2022-02-21,Technology
652,Harald,Linner,hlinneri3@amazon.co.uk,Mejor enfocada,Integridad,2021-05-18,Consumer Services
653,Katuscha,Kauschke,kkauschkei4@toplist.cz,Mindset Digital,Eficiencia,2022-10-27,Basic Industries
654,Leontine,Allmen,lallmeni5@shareasale.com,Mindset Digital,Integridad,2021-02-10,n/a
655,Fidelia,Roj,froji6@parallels.com,Trabajo en equipo,Flexibilidad,2021-12-17,Consumer Services
656,Audi,Alison,aalisoni7@usatoday.com,Trabajo en equipo,Eficiencia,2021-09-04,Miscellaneous
657,Caryn,Rubel,crubeli8@si.edu,Trabajo en equipo,Liderazgo,2021-12-26,Basic Industries
658,Hestia,Abbie,habbiei9@list-manage.com,5S,Liderazgo,2022-01-22,n/a
659,Merrick,Truss,mtrussia@rambler.ru,5S,Integridad,2022-02-26,Consumer Non-Durables
660,Ben,Jobin,bjobinib@51.la,5S,Liderazgo,2022-07-15,Consumer Services
661,Thalia,Eagle,teagleic@archive.org,Mejor enfocada,Flexibilidad,2022-04-05,Consumer Non-Durables
662,Rogers,Attwill,rattwillid@csmonitor.com,Mindset Digital,Eficiencia,2021-11-03,Consumer Services
663,Katina,Baudi,kbaudiie@amazon.co.jp,Mindset Digital,Liderazgo,2022-07-01,n/a
664,Catherin,Kobpal,ckobpalif@webeden.co.uk,Mindset Digital,Flexibilidad,2021-03-12,Public Utilities
665,Rochell,Windross,rwindrossig@newyorker.com,Mejor enfocada,Liderazgo,2021-04-09,Consumer Services
666,Ursuline,Bool,uboolih@aol.com,Trabajo en equipo,Integridad,2021-11-23,Health Care
667,Pammi,Antley,pantleyii@histats.com,Mindset Digital,Integridad,2022-07-05,Health Care
668,Violet,Spackman,vspackmanij@wikipedia.org,Trabajo en equipo,Eficiencia,2021-02-14,Consumer Durables
669,Winfred,Ciccottini,wciccottiniik@hp.com,Gestion visual,Flexibilidad,2022-07-30,Health Care
670,Pietro,De Simoni,pdesimoniil@topsy.com,Gestion visual,Integridad,2022-02-10,Finance
671,Glennie,Murcott,gmurcottim@ucla.edu,Gestion visual,Eficiencia,2021-06-01,Capital Goods
672,Barny,Medina,bmedinain@freewebs.com,Mejor enfocada,Liderazgo,2021-09-06,Public Utilities
673,Marinna,Halloway,mhallowayio@vkontakte.ru,Mindset Digital,Integridad,2022-01-09,Health Care
674,Prescott,Hasted,phastedip@facebook.com,Trabajo en equipo,Integridad,2022-01-15,Technology
675,Monty,Evanson,mevansoniq@noaa.gov,Mejor enfocada,Integridad,2021-12-20,Consumer Services
676,Waly,Rodrigues,wrodriguesir@howstuffworks.com,5S,Liderazgo,2022-11-18,n/a
677,Lewie,Brimilcome,lbrimilcomeis@cam.ac.uk,Mindset Digital,Eficiencia,2021-03-10,n/a
678,Hebert,Espy,hespyit@bravesites.com,Gestion visual,Integridad,2021-07-12,Basic Industries
679,Claiborn,Brunelli,cbrunelliiu@g.co,Mindset Digital,Eficiencia,2022-10-08,Consumer Services
680,Normie,Toffolini,ntoffoliniiv@multiply.com,Trabajo en equipo,Liderazgo,2022-03-09,n/a
681,Bernadette,Goring,bgoringiw@taobao.com,Trabajo en equipo,Liderazgo,2021-09-25,Capital Goods
682,Hasty,Troillet,htroilletix@networksolutions.com,Gestion visual,Liderazgo,2022-05-30,Finance
683,Bertram,Breckon,bbreckoniy@slate.com,Mejor enfocada,Eficiencia,2021-12-31,Consumer Services
684,Leontine,Goodhew,lgoodhewiz@ocn.ne.jp,Mejor enfocada,Liderazgo,2021-05-02,n/a
685,Kiel,Rapkins,krapkinsj0@feedburner.com,Mejor enfocada,Flexibilidad,2022-07-21,Consumer Services
686,Dani,Lambeth,dlambethj1@blog.com,Gestion visual,Flexibilidad,2022-07-26,n/a
687,Ileana,Dossantos,idossantosj2@bigcartel.com,Mindset Digital,Eficiencia,2022-03-14,Health Care
688,Trumaine,Vickerman,tvickermanj3@state.tx.us,Trabajo en equipo,Integridad,2021-08-20,Transportation
689,Norman,Rawkesby,nrawkesbyj4@pen.io,Mejor enfocada,Eficiencia,2021-06-15,Public Utilities
690,Brooke,Szepe,bszepej5@histats.com,Trabajo en equipo,Flexibilidad,2021-11-22,Finance
691,Franky,Startin,fstartinj6@toplist.cz,Mindset Digital,Eficiencia,2021-01-29,Consumer Services
692,Don,Fort,dfortj7@weibo.com,Gestion visual,Integridad,2022-09-05,Public Utilities
693,Gustavus,MacGuiness,gmacguinessj8@macromedia.com,Mejor enfocada,Integridad,2022-07-28,Consumer Services
694,Lori,Hatherley,lhatherleyj9@theguardian.com,Mejor enfocada,Integridad,2022-05-22,Health Care
695,Loutitia,Udy,ludyja@opera.com,Mindset Digital,Eficiencia,2021-07-10,n/a
696,Florian,Longstaff,flongstaffjb@over-blog.com,5S,Liderazgo,2021-07-17,n/a
697,Guillemette,Sidebottom,gsidebottomjc@artisteer.com,5S,Integridad,2022-01-26,Technology
698,Deloria,Blodget,dblodgetjd@youtube.com,Mindset Digital,Flexibilidad,2022-04-26,Public Utilities
699,Stormi,Telezhkin,stelezhkinje@feedburner.com,Trabajo en equipo,Eficiencia,2022-09-19,Finance
700,Lizzie,Brisley,lbrisleyjf@home.pl,Mindset Digital,Flexibilidad,2022-05-21,Technology
701,Humbert,Schott,hschottjg@wordpress.com,Gestion visual,Liderazgo,2022-05-21,Finance
702,Putnem,Seebert,pseebertjh@mapy.cz,5S,Eficiencia,2021-04-16,Capital Goods
703,Dario,Mulbry,dmulbryji@unesco.org,Mindset Digital,Integridad,2021-07-12,n/a
704,Gayla,Neenan,gneenanjj@mozilla.com,Trabajo en equipo,Eficiencia,2021-11-14,Technology
705,Jermaine,Danilchik,jdanilchikjk@shop-pro.jp,5S,Flexibilidad,2022-03-20,Finance
706,Agace,Vitler,avitlerjl@dedecms.com,Gestion visual,Flexibilidad,2021-12-19,Consumer Services
707,Gibbie,Rawsthorne,grawsthornejm@artisteer.com,Trabajo en equipo,Eficiencia,2021-08-31,n/a
708,Ange,Bertram,abertramjn@gravatar.com,Mejor enfocada,Integridad,2022-09-09,Health Care
709,Yank,Midner,ymidnerjo@hp.com,Mejor enfocada,Flexibilidad,2022-09-13,Technology
710,Ajay,Etienne,aetiennejp@bravesites.com,5S,Integridad,2021-04-03,Energy
711,Rance,Aasaf,raasafjq@microsoft.com,Mindset Digital,Flexibilidad,2021-03-28,Health Care
712,Jaclyn,Larciere,jlarcierejr@google.cn,Mindset Digital,Eficiencia,2022-03-18,n/a
713,Rutherford,Crighton,rcrightonjs@list-manage.com,Mindset Digital,Liderazgo,2022-10-03,n/a
714,Betta,Kumar,bkumarjt@sun.com,5S,Integridad,2021-01-29,Capital Goods
715,Justinn,Jaukovic,jjaukovicju@nasa.gov,5S,Liderazgo,2021-05-10,Public Utilities
716,Shanta,Linnard,slinnardjv@furl.net,Trabajo en equipo,Eficiencia,2021-03-09,Finance
717,Sorcha,Shipsey,sshipseyjw@skyrock.com,Trabajo en equipo,Eficiencia,2022-03-30,Health Care
718,Gladys,Mallan,gmallanjx@nsw.gov.au,Mejor enfocada,Eficiencia,2021-07-08,n/a
719,Annabela,O'Toole,aotoolejy@nps.gov,5S,Integridad,2022-09-18,n/a
720,Ezmeralda,Howbrook,ehowbrookjz@ca.gov,Mindset Digital,Integridad,2021-10-05,Energy
721,Vannie,Vizor,vvizork0@washingtonpost.com,Mejor enfocada,Flexibilidad,2022-02-27,Health Care
722,Liuka,Matton,lmattonk1@dot.gov,Gestion visual,Integridad,2021-09-23,Consumer Non-Durables
723,Neall,Aslen,naslenk2@irs.gov,5S,Liderazgo,2022-02-15,Capital Goods
724,Celle,Casaroli,ccasarolik3@goo.gl,Gestion visual,Liderazgo,2022-06-16,Consumer Services
725,Clywd,Kentwell,ckentwellk4@nature.com,Mejor enfocada,Integridad,2022-01-24,Consumer Services
726,Karly,Bonde,kbondek5@hibu.com,5S,Liderazgo,2021-12-27,Capital Goods
727,Leonhard,Folder,lfolderk6@wsj.com,Trabajo en equipo,Liderazgo,2021-12-24,Energy
728,Bing,Peche,bpechek7@twitter.com,5S,Integridad,2022-03-28,Health Care
729,Dena,Sher,dsherk8@themeforest.net,5S,Integridad,2022-08-30,Finance
730,Letti,Brownlee,lbrownleek9@wikispaces.com,5S,Integridad,2022-04-30,Public Utilities
731,Lonna,Tibbotts,ltibbottska@delicious.com,Trabajo en equipo,Liderazgo,2022-01-10,Technology
732,Holt,Whittlesey,hwhittleseykb@artisteer.com,Mindset Digital,Integridad,2021-06-19,Technology
733,Elmore,Blitz,eblitzkc@macromedia.com,Mindset Digital,Liderazgo,2022-04-04,Consumer Services
734,Meg,Viger,mvigerkd@ibm.com,Gestion visual,Eficiencia,2021-01-01,Consumer Non-Durables
735,Marcie,Chasles,mchasleske@freewebs.com,Mindset Digital,Eficiencia,2021-04-15,Capital Goods
736,Nestor,Millington,nmillingtonkf@digg.com,5S,Eficiencia,2021-05-22,Health Care
737,Romain,Duker,rdukerkg@people.com.cn,5S,Eficiencia,2022-09-18,Consumer Services
738,Mariska,Blackford,mblackfordkh@e-recht24.de,Mejor enfocada,Eficiencia,2021-10-07,Basic Industries
739,Dian,Raymont,draymontki@ezinearticles.com,Mindset Digital,Liderazgo,2022-04-03,Consumer Services
740,Meredithe,Kneeland,mkneelandkj@dailymail.co.uk,Gestion visual,Integridad,2022-11-13,Technology
741,Verna,Booker,vbookerkk@webeden.co.uk,Mejor enfocada,Liderazgo,2021-04-18,Energy
742,Munroe,Mingaye,mmingayekl@wix.com,Trabajo en equipo,Integridad,2022-03-10,Finance
743,Lisetta,Wedgwood,lwedgwoodkm@twitpic.com,5S,Liderazgo,2021-07-01,n/a
744,Stephi,Fleg,sflegkn@springer.com,Mejor enfocada,Flexibilidad,2021-11-16,n/a
745,Jayson,Rennicks,jrennicksko@linkedin.com,Mindset Digital,Flexibilidad,2022-09-17,Finance
746,Koren,Cordaroy,kcordaroykp@alibaba.com,5S,Eficiencia,2021-05-20,Consumer Services
747,Andy,Tythe,atythekq@netlog.com,Mindset Digital,Integridad,2022-05-23,Consumer Non-Durables
748,Wiatt,Fritzer,wfritzerkr@123-reg.co.uk,Mejor enfocada,Liderazgo,2021-04-06,Health Care
749,Iago,Brodnecke,ibrodneckeks@wsj.com,Mejor enfocada,Eficiencia,2021-09-20,Finance
750,Vernon,Simoncello,vsimoncellokt@unicef.org,Trabajo en equipo,Eficiencia,2022-12-11,Basic Industries
751,Sherie,Roden,srodenku@youtube.com,Mindset Digital,Flexibilidad,2021-03-10,n/a
752,Faustine,Kevis,fkeviskv@com.com,5S,Flexibilidad,2021-11-08,Capital Goods
753,Annissa,Rahill,arahillkw@time.com,5S,Integridad,2022-01-01,Finance
754,Mackenzie,Elkins,melkinskx@sun.com,Trabajo en equipo,Flexibilidad,2021-11-20,Finance
755,Wainwright,Tassaker,wtassakerky@state.tx.us,Mindset Digital,Flexibilidad,2022-11-01,Capital Goods
756,Wilone,Hawse,whawsekz@digg.com,Mejor enfocada,Flexibilidad,2021-03-15,n/a
757,Kennan,Westphalen,kwestphalenl0@myspace.com,Mejor enfocada,Flexibilidad,2021-10-04,Health Care
758,Paquito,Harfoot,pharfootl1@theguardian.com,5S,Integridad,2021-05-11,Miscellaneous
759,Selinda,Smitheram,ssmitheraml2@cdbaby.com,5S,Integridad,2021-02-24,Technology
760,Kort,Chalcot,kchalcotl3@fastcompany.com,Trabajo en equipo,Eficiencia,2021-06-20,Technology
761,Brennen,Benthall,bbenthalll4@example.com,Mindset Digital,Liderazgo,2021-04-02,Finance
762,Kissie,Nolin,knolinl5@tripadvisor.com,Mindset Digital,Flexibilidad,2022-04-03,Health Care
763,Nedda,Gherardelli,ngherardellil6@dmoz.org,5S,Integridad,2022-08-06,n/a
764,Margo,Scarlon,mscarlonl7@fastcompany.com,Trabajo en equipo,Liderazgo,2021-12-16,Technology
765,Clemens,Shearstone,cshearstonel8@apache.org,Mejor enfocada,Integridad,2022-09-02,Capital Goods
766,Cletis,McColm,cmccolml9@pinterest.com,Gestion visual,Integridad,2022-07-07,n/a
767,Hendrik,Davidoff,hdavidoffla@blogs.com,Mindset Digital,Eficiencia,2022-12-13,Basic Industries
768,Saloma,Van den Bosch,svandenboschlb@meetup.com,Trabajo en equipo,Eficiencia,2021-01-02,Basic Industries
769,Teddi,Garrand,tgarrandlc@ibm.com,Trabajo en equipo,Liderazgo,2022-01-14,n/a
770,Maryjane,Lovart,mlovartld@youku.com,Gestion visual,Integridad,2021-08-15,Technology
771,Bent,Poland,bpolandle@linkedin.com,5S,Eficiencia,2021-07-20,Health Care
772,Sukey,Wilkennson,swilkennsonlf@yale.edu,Gestion visual,Integridad,2021-03-25,Basic Industries
773,Celestyna,Simioni,csimionilg@e-recht24.de,Mindset Digital,Liderazgo,2022-01-09,Finance
774,Jeannine,D'Ambrosio,jdambrosiolh@webnode.com,Gestion visual,Integridad,2022-02-21,Technology
775,Glori,Rickis,grickisli@biglobe.ne.jp,Gestion visual,Flexibilidad,2021-02-26,n/a
776,Phoebe,Smitham,psmithamlj@ibm.com,5S,Liderazgo,2021-05-03,Energy
777,Ingemar,Mc Andrew,imcandrewlk@flickr.com,Gestion visual,Eficiencia,2022-10-14,Consumer Services
778,Valma,Langelay,vlangelayll@surveymonkey.com,Gestion visual,Liderazgo,2022-02-18,Technology
779,Faythe,Bwy,fbwylm@cyberchimps.com,5S,Flexibilidad,2022-08-30,n/a
780,June,Twiggs,jtwiggsln@odnoklassniki.ru,Mejor enfocada,Flexibilidad,2021-12-31,Finance
781,Eduardo,Braun,ebraunlo@eventbrite.com,Mejor enfocada,Eficiencia,2022-08-16,Basic Industries
782,Goldy,Ryal,gryallp@jimdo.com,Mejor enfocada,Liderazgo,2022-11-29,Technology
783,Raquel,Matzkaitis,rmatzkaitislq@livejournal.com,5S,Eficiencia,2021-04-06,Consumer Services
784,Maren,Walklett,mwalklettlr@home.pl,Mindset Digital,Liderazgo,2021-04-05,Finance
785,Cornelius,Fanning,cfanningls@economist.com,5S,Flexibilidad,2022-05-31,Health Care
786,Brock,De Pietri,bdepietrilt@omniture.com,Gestion visual,Flexibilidad,2021-09-23,n/a
787,Olwen,Jemmett,ojemmettlu@pagesperso-orange.fr,5S,Integridad,2022-01-24,Health Care
788,Bondon,Dossettor,bdossettorlv@sogou.com,Mindset Digital,Eficiencia,2021-04-24,Capital Goods
789,Marybelle,Farlham,mfarlhamlw@deliciousdays.com,Mejor enfocada,Liderazgo,2021-11-23,n/a
790,Nilson,Beat,nbeatlx@guardian.co.uk,Mindset Digital,Liderazgo,2022-12-19,Consumer Services
791,Dody,Gregorin,dgregorinly@nbcnews.com,5S,Eficiencia,2021-01-19,Consumer Durables
792,Aguste,Pates,apateslz@sfgate.com,Trabajo en equipo,Liderazgo,2021-12-24,Capital Goods
793,Dawna,Raynton,drayntonm0@purevolume.com,Mindset Digital,Flexibilidad,2022-07-17,Consumer Services
794,Adda,Frantzen,afrantzenm1@photobucket.com,Trabajo en equipo,Integridad,2022-10-12,Capital Goods
795,Andra,Scandred,ascandredm2@cam.ac.uk,Mejor enfocada,Flexibilidad,2022-09-05,Consumer Services
796,Thedrick,Frensche,tfrenschem3@barnesandnoble.com,5S,Integridad,2021-10-28,n/a
797,Martguerita,Kehir,mkehirm4@tinyurl.com,Mindset Digital,Liderazgo,2021-06-09,Public Utilities
798,Dru,Corssen,dcorssenm5@ifeng.com,Mejor enfocada,Liderazgo,2022-03-16,n/a
799,Buddie,Thickpenny,bthickpennym6@dell.com,5S,Integridad,2022-09-09,Finance
800,Carley,Swannick,cswannickm7@noaa.gov,Mindset Digital,Eficiencia,2022-09-20,Capital Goods
801,Lexine,Bryers,lbryersm8@home.pl,Mindset Digital,Liderazgo,2021-04-07,Health Care
802,Shela,Lantaph,slantaphm9@ca.gov,Mejor enfocada,Flexibilidad,2022-01-17,Capital Goods
803,Sheryl,Harwick,sharwickma@ucsd.edu,Gestion visual,Liderazgo,2021-04-05,Energy
804,Sheffy,Knath,sknathmb@blogger.com,5S,Eficiencia,2022-03-20,Consumer Services
805,Bryana,Ben-Aharon,bbenaharonmc@earthlink.net,Mejor enfocada,Liderazgo,2021-11-05,Technology
806,Lazare,Gumly,lgumlymd@ucla.edu,Mindset Digital,Eficiencia,2022-06-10,n/a
807,Abbie,Easton,aeastonme@chron.com,5S,Integridad,2021-10-24,n/a
808,Bethany,Bolesma,bbolesmamf@youtu.be,Gestion visual,Integridad,2021-05-05,Finance
809,Vernice,Peinton,vpeintonmg@trellian.com,Mindset Digital,Liderazgo,2021-08-07,n/a
810,Wylma,Patria,wpatriamh@t-online.de,Mejor enfocada,Integridad,2022-02-05,n/a
811,Elbertine,Moss,emossmi@pbs.org,Trabajo en equipo,Liderazgo,2022-09-16,Transportation
812,Nickey,Turville,nturvillemj@princeton.edu,Gestion visual,Flexibilidad,2022-09-04,Health Care
813,Perice,McNamara,pmcnamaramk@slate.com,5S,Liderazgo,2022-10-20,n/a
814,Dag,McGlone,dmcgloneml@cnn.com,Trabajo en equipo,Eficiencia,2021-02-04,Health Care
815,Evyn,Le Borgne,eleborgnemm@wp.com,Mindset Digital,Eficiencia,2021-10-23,Consumer Services
816,Craig,Munn,cmunnmn@spotify.com,5S,Liderazgo,2022-03-23,Technology
817,Karlan,Rhucroft,krhucroftmo@privacy.gov.au,5S,Flexibilidad,2022-09-08,Finance
818,Kessia,Old,koldmp@mtv.com,Mindset Digital,Integridad,2022-03-24,Finance
819,Beret,Rignold,brignoldmq@tinyurl.com,Mindset Digital,Integridad,2021-08-28,Consumer Services
820,Adriana,Combe,acombemr@histats.com,Trabajo en equipo,Liderazgo,2021-09-13,Finance
821,Marti,Denziloe,mdenziloems@arstechnica.com,5S,Integridad,2021-12-30,Consumer Non-Durables
822,Nicko,Kerbey,nkerbeymt@bbc.co.uk,Mindset Digital,Integridad,2022-05-17,Technology
823,Delmore,Howard - Gater,dhowardgatermu@rakuten.co.jp,Gestion visual,Flexibilidad,2022-10-20,Health Care
824,Desmund,Fine,dfinemv@rediff.com,Mejor enfocada,Liderazgo,2022-09-24,Consumer Services
825,Joana,Fairfull,jfairfullmw@theglobeandmail.com,Trabajo en equipo,Liderazgo,2021-01-04,Health Care
826,Rahel,Elcombe,relcombemx@rediff.com,Gestion visual,Eficiencia,2022-01-14,Consumer Non-Durables
827,Fanya,Cauldwell,fcauldwellmy@woothemes.com,Gestion visual,Liderazgo,2022-09-20,Finance
828,Wyatan,Gallamore,wgallamoremz@cargocollective.com,Mejor enfocada,Integridad,2021-09-21,Consumer Services
829,Ola,Beves,obevesn0@paypal.com,5S,Liderazgo,2021-07-09,Basic Industries
830,Rowan,Maccrie,rmaccrien1@bbc.co.uk,Mejor enfocada,Eficiencia,2022-09-07,Technology
831,Kelsey,Killford,kkillfordn2@japanpost.jp,Trabajo en equipo,Flexibilidad,2021-09-27,n/a
832,Julissa,Boobyer,jboobyern3@freewebs.com,Mejor enfocada,Eficiencia,2021-10-10,Consumer Services
833,Winthrop,Plenty,wplentyn4@sciencedirect.com,Gestion visual,Liderazgo,2021-11-15,n/a
834,Colly,McLagain,cmclagainn5@chronoengine.com,5S,Flexibilidad,2021-09-23,Consumer Services
835,Beatrisa,Eyers,beyersn6@chronoengine.com,Trabajo en equipo,Liderazgo,2022-06-01,n/a
836,Keeley,Bohills,kbohillsn7@arizona.edu,Trabajo en equipo,Flexibilidad,2022-04-25,Technology
837,Carson,Edgson,cedgsonn8@sitemeter.com,Mindset Digital,Integridad,2021-06-01,Technology
838,Basil,Petriello,bpetriellon9@infoseek.co.jp,Mejor enfocada,Integridad,2022-07-09,Transportation
839,Cynthy,Puddefoot,cpuddefootna@goo.ne.jp,Gestion visual,Integridad,2021-03-02,Finance
840,Clare,Ryott,cryottnb@alexa.com,Trabajo en equipo,Liderazgo,2022-04-07,Public Utilities
841,Alfons,Dane,adanenc@trellian.com,Gestion visual,Integridad,2021-11-02,Finance
842,Jan,Gravener,jgravenernd@delicious.com,Mindset Digital,Eficiencia,2022-05-24,Consumer Services
843,Deana,Blades,dbladesne@google.com.au,Mindset Digital,Eficiencia,2022-10-20,Health Care
844,Onfroi,Mowne,omownenf@artisteer.com,Mindset Digital,Integridad,2021-11-03,Consumer Services
845,Pammy,Ceyssen,pceyssenng@gravatar.com,5S,Integridad,2021-07-02,Consumer Services
846,Barney,Hedau,bhedaunh@discovery.com,Mindset Digital,Integridad,2022-10-12,Technology
847,Gerri,Gumley,ggumleyni@linkedin.com,Mindset Digital,Eficiencia,2021-06-05,Capital Goods
848,Amerigo,Spykins,aspykinsnj@eventbrite.com,Trabajo en equipo,Integridad,2022-04-30,Finance
849,Roderic,Hacking,rhackingnk@dmoz.org,Mindset Digital,Integridad,2021-08-18,Technology
850,Walsh,Whightman,wwhightmannl@nhs.uk,5S,Eficiencia,2022-12-18,n/a
851,Ker,Binnall,kbinnallnm@last.fm,5S,Integridad,2021-02-11,Health Care
852,Fae,Showt,fshowtnn@list-manage.com,Mindset Digital,Integridad,2021-06-19,n/a
853,Flore,Northgraves,fnorthgravesno@newsvine.com,Mejor enfocada,Integridad,2021-11-25,Capital Goods
854,Fernanda,Atcock,fatcocknp@g.co,Gestion visual,Liderazgo,2021-09-21,Finance
855,Lorrin,Eames,leamesnq@oracle.com,Gestion visual,Flexibilidad,2021-08-08,Finance
856,Odella,Bernat,obernatnr@stanford.edu,Mindset Digital,Flexibilidad,2022-04-12,Consumer Non-Durables
857,Blake,MacKenney,bmackenneyns@phpbb.com,Trabajo en equipo,Liderazgo,2021-01-19,n/a
858,Robyn,Ikin,rikinnt@jugem.jp,5S,Liderazgo,2022-01-19,Finance
859,Ardis,Revans,arevansnu@rakuten.co.jp,5S,Liderazgo,2022-06-07,Consumer Non-Durables
860,Mikol,Digance,mdigancenv@nymag.com,Trabajo en equipo,Eficiencia,2021-08-15,Energy
861,Zulema,Grinley,zgrinleynw@npr.org,Trabajo en equipo,Integridad,2022-07-14,Health Care
862,Alard,Percy,apercynx@unesco.org,Mindset Digital,Eficiencia,2022-05-21,Basic Industries
863,Robb,Sibille,rsibilleny@cnet.com,Mejor enfocada,Eficiencia,2021-11-12,Finance
864,Sonny,Svanini,ssvanininz@seattletimes.com,Mindset Digital,Eficiencia,2022-09-27,Finance
865,Adeline,Keywood,akeywoodo0@fc2.com,Gestion visual,Integridad,2022-10-21,Capital Goods
866,Gabriel,Deguara,gdeguarao1@geocities.jp,Trabajo en equipo,Liderazgo,2021-03-28,Transportation
867,Christos,Debrett,cdebretto2@apple.com,5S,Eficiencia,2021-09-16,Health Care
868,Derek,Grigorian,dgrigoriano3@huffingtonpost.com,Trabajo en equipo,Liderazgo,2021-04-01,Consumer Durables
869,Meggie,Joselevitch,mjoselevitcho4@dagondesign.com,Trabajo en equipo,Flexibilidad,2021-04-17,Energy
870,Cherilyn,Diggell,cdiggello5@ustream.tv,Gestion visual,Flexibilidad,2022-04-05,n/a
871,Hank,Worsley,hworsleyo6@pinterest.com,Gestion visual,Flexibilidad,2021-01-07,Consumer Services
872,Minette,Mackstead,mmacksteado7@java.com,Gestion visual,Liderazgo,2022-11-06,n/a
873,Maynard,Wortley,mwortleyo8@taobao.com,5S,Integridad,2021-11-07,n/a
874,Randy,Bernardes,rbernardeso9@sfgate.com,Mindset Digital,Flexibilidad,2021-01-01,Technology
875,Urson,Cottee,ucotteeoa@ibm.com,Mindset Digital,Liderazgo,2022-10-19,Consumer Services
876,Lari,Andreasen,landreasenob@shutterfly.com,Mindset Digital,Integridad,2021-02-14,n/a
877,Natty,Turville,nturvilleoc@dailymail.co.uk,Mindset Digital,Flexibilidad,2022-04-09,Consumer Services
878,Mannie,Szymoni,mszymoniod@usnews.com,Trabajo en equipo,Flexibilidad,2021-10-02,Public Utilities
879,Raychel,Mudle,rmudleoe@cdc.gov,Mejor enfocada,Eficiencia,2022-09-13,Energy
880,Ingeberg,Gallihaulk,igallihaulkof@dot.gov,5S,Integridad,2021-04-05,Energy
881,Merilyn,Nanninini,mnannininiog@barnesandnoble.com,Gestion visual,Eficiencia,2022-02-05,Finance
882,Berri,McCambrois,bmccambroisoh@360.cn,5S,Integridad,2022-05-13,Miscellaneous
883,Dayle,Pocklington,dpocklingtonoi@sun.com,Gestion visual,Integridad,2021-07-14,Health Care
884,Babbette,Gorham,bgorhamoj@omniture.com,Mindset Digital,Liderazgo,2022-04-12,Finance
885,Luella,Formie,lformieok@nifty.com,Gestion visual,Flexibilidad,2022-03-21,Energy
886,Sanford,Phythien,sphythienol@vistaprint.com,Gestion visual,Flexibilidad,2022-10-04,Consumer Services
887,Frederica,Jonah,fjonahom@examiner.com,Trabajo en equipo,Liderazgo,2021-12-28,n/a
888,Vikky,Berthel,vberthelon@sitemeter.com,Mejor enfocada,Liderazgo,2021-12-07,n/a
889,Honor,Melonby,hmelonbyoo@barnesandnoble.com,Mejor enfocada,Eficiencia,2022-01-23,Finance
890,Jedd,Etock,jetockop@networksolutions.com,Mejor enfocada,Liderazgo,2021-04-25,Finance
891,Berton,Tomaskov,btomaskovoq@unesco.org,Trabajo en equipo,Flexibilidad,2022-10-31,Energy
892,Tandi,Schimmang,tschimmangor@oracle.com,Trabajo en equipo,Integridad,2022-06-19,Miscellaneous
893,Ulrikaumeko,Steffans,usteffansos@statcounter.com,Gestion visual,Flexibilidad,2021-01-26,Consumer Services
894,Tawsha,Westhead,twestheadot@mysql.com,Trabajo en equipo,Integridad,2022-11-14,n/a
895,Merrill,Meany,mmeanyou@globo.com,Mindset Digital,Integridad,2022-01-11,n/a
896,Cherlyn,March,cmarchov@who.int,Gestion visual,Flexibilidad,2022-11-21,Health Care
897,Kerr,Burree,kburreeow@wsj.com,Mindset Digital,Liderazgo,2021-06-29,Energy
898,Adele,Milan,amilanox@newsvine.com,Mejor enfocada,Flexibilidad,2021-03-18,n/a
899,Donovan,Sainsbury-Brown,dsainsburybrownoy@topsy.com,Trabajo en equipo,Liderazgo,2021-12-02,Finance
900,Else,Griswaite,egriswaiteoz@yelp.com,Mejor enfocada,Flexibilidad,2021-09-27,n/a
901,Teador,Handrahan,thandrahanp0@yelp.com,5S,Eficiencia,2022-08-20,Finance
902,Selma,Pampling,spamplingp1@narod.ru,Trabajo en equipo,Integridad,2022-08-22,Basic Industries
903,Ainslee,Halsall,ahalsallp2@auda.org.au,Mejor enfocada,Liderazgo,2022-12-07,Finance
904,Jamal,Blaw,jblawp3@upenn.edu,5S,Liderazgo,2021-01-21,Consumer Services
905,Julie,Van Baaren,jvanbaarenp4@archive.org,Gestion visual,Liderazgo,2022-01-06,Consumer Durables
906,Hatti,Teager,hteagerp5@epa.gov,5S,Eficiencia,2022-02-17,Consumer Services
907,Ric,Toft,rtoftp6@pen.io,5S,Eficiencia,2022-08-18,n/a
908,Armin,Pala,apalap7@photobucket.com,Trabajo en equipo,Integridad,2022-12-28,Consumer Services
909,Fidel,Blofeld,fblofeldp8@is.gd,Trabajo en equipo,Eficiencia,2022-01-24,Consumer Non-Durables
910,Bobby,Gatcliff,bgatcliffp9@liveinternet.ru,Mindset Digital,Eficiencia,2022-05-01,n/a
911,Durward,Beedham,dbeedhampa@geocities.com,Mindset Digital,Flexibilidad,2021-03-30,Consumer Services
912,Gena,Golsthorp,ggolsthorppb@hostgator.com,5S,Integridad,2022-02-03,Health Care
913,Wendel,Uglow,wuglowpc@pagesperso-orange.fr,Trabajo en equipo,Liderazgo,2022-05-27,Capital Goods
914,Teri,Bentham3,tbenthampd@linkedin.com,Trabajo en equipo,Integridad,2022-05-21,Health Care
915,Skippy,Tofful,stoffulpe@example.com,Trabajo en equipo,Flexibilidad,2021-02-28,Technology
916,Tamar,Imm,timmpf@51.la,Trabajo en equipo,Integridad,2021-09-13,Technology
917,Skell,Venediktov,svenediktovpg@bbc.co.uk,Mindset Digital,Integridad,2021-12-18,Consumer Services
918,Nehemiah,Kinch,nkinchph@addthis.com,Gestion visual,Liderazgo,2022-10-25,Consumer Non-Durables
919,Baillie,Coram,bcorampi@i2i.jp,Trabajo en equipo,Liderazgo,2021-05-17,Energy
920,Hamel,Gammett,hgammettpj@toplist.cz,Mindset Digital,Liderazgo,2022-01-13,Finance
921,Leopold,Mee,lmeepk@yale.edu,5S,Integridad,2022-10-31,Technology
922,Fredericka,Wason,fwasonpl@vistaprint.com,Trabajo en equipo,Liderazgo,2022-05-14,Basic Industries
923,Forster,Hanhardt,fhanhardtpm@people.com.cn,Mindset Digital,Flexibilidad,2021-12-07,Finance
924,Berkly,Anlay,banlaypn@vistaprint.com,5S,Eficiencia,2022-07-03,Capital Goods
925,Joycelin,Loeber,jloeberpo@marriott.com,Mejor enfocada,Integridad,2022-06-15,Consumer Services
926,Drusie,Saffle,dsafflepp@cyberchimps.com,Mejor enfocada,Liderazgo,2021-04-26,Health Care
927,Cindy,Nalder,cnalderpq@who.int,5S,Eficiencia,2021-06-24,n/a
928,Farlie,de Quincey,fdequinceypr@reuters.com,Trabajo en equipo,Integridad,2021-02-19,Technology
929,Kleon,Dorrell,kdorrellps@godaddy.com,5S,Eficiencia,2021-05-17,Health Care
930,Granthem,Dunan,gdunanpt@godaddy.com,Gestion visual,Flexibilidad,2022-10-27,Basic Industries
931,Norina,Opfer,nopferpu@51.la,Gestion visual,Integridad,2021-02-18,Capital Goods
932,Kahaleel,Jime,kjimepv@ed.gov,Mejor enfocada,Eficiencia,2021-07-02,Consumer Services
933,Irving,Couroy,icouroypw@sitemeter.com,5S,Flexibilidad,2021-09-03,Health Care
934,Linn,Kilgallon,lkilgallonpx@skype.com,Mejor enfocada,Liderazgo,2022-11-17,Finance
935,Judd,Wemyss,jwemysspy@washingtonpost.com,Mindset Digital,Eficiencia,2022-06-21,Finance
936,Durante,Shinner,dshinnerpz@yahoo.com,5S,Eficiencia,2021-04-11,Transportation
937,Barnebas,Pryell,bpryellq0@loc.gov,Gestion visual,Integridad,2022-12-10,Technology
938,Rosalia,Brooke,rbrookeq1@usda.gov,Gestion visual,Integridad,2022-05-31,n/a
939,Sibelle,Brandoni,sbrandoniq2@columbia.edu,Gestion visual,Flexibilidad,2021-04-12,Consumer Services
940,Isidro,Houdmont,ihoudmontq3@toplist.cz,Mejor enfocada,Flexibilidad,2021-12-04,n/a
941,Carolyne,Bramford,cbramfordq4@instagram.com,Mejor enfocada,Integridad,2022-03-07,n/a
942,Lorraine,Treverton,ltrevertonq5@utexas.edu,Trabajo en equipo,Flexibilidad,2021-02-02,n/a
943,Isaak,Pietersen,ipietersenq6@delicious.com,Mindset Digital,Eficiencia,2021-05-31,Technology
944,Piper,Rattrie,prattrieq7@uol.com.br,Trabajo en equipo,Eficiencia,2022-08-14,Finance
945,Leisha,Muldowney,lmuldowneyq8@uol.com.br,5S,Liderazgo,2021-02-28,Finance
946,Em,Riddett,eriddettq9@soup.io,Gestion visual,Integridad,2022-08-23,Consumer Non-Durables
947,Lanna,Wittke,lwittkeqa@pbs.org,5S,Eficiencia,2021-01-09,Technology
948,Brier,Mallabund,bmallabundqb@e-recht24.de,Gestion visual,Flexibilidad,2021-11-15,Energy
949,Millisent,Heustace,mheustaceqc@miibeian.gov.cn,5S,Integridad,2021-09-23,Finance
950,Ciro,MacNeilley,cmacneilleyqd@tumblr.com,Gestion visual,Liderazgo,2022-03-10,Basic Industries
951,Dannie,Tesche,dtescheqe@storify.com,Trabajo en equipo,Liderazgo,2022-10-14,Basic Industries
952,Olimpia,Zelner,ozelnerqf@diigo.com,5S,Flexibilidad,2022-09-17,Technology
953,Dev,Kenealy,dkenealyqg@meetup.com,Trabajo en equipo,Flexibilidad,2021-03-19,Finance
954,Johann,Wasmuth,jwasmuthqh@g.co,5S,Flexibilidad,2022-03-30,Finance
955,Lock,Deignan,ldeignanqi@ted.com,Gestion visual,Flexibilidad,2022-04-14,n/a
956,Aloysius,Yellowlees,ayellowleesqj@oaic.gov.au,Mindset Digital,Liderazgo,2021-12-17,Consumer Services
957,Claiborn,Vasyutin,cvasyutinqk@paypal.com,Trabajo en equipo,Integridad,2021-01-19,Transportation
958,Dniren,Cobain,dcobainql@guardian.co.uk,Trabajo en equipo,Liderazgo,2021-05-02,Health Care
959,Fleming,Mephan,fmephanqm@irs.gov,Trabajo en equipo,Flexibilidad,2021-02-11,n/a
960,Richmond,Marqyes,rmarqyesqn@fda.gov,Mindset Digital,Flexibilidad,2022-04-30,Technology
961,Roderigo,Linton,rlintonqo@goo.ne.jp,Mejor enfocada,Flexibilidad,2021-05-12,Consumer Non-Durables
962,Rodge,Camis,rcamisqp@storify.com,Gestion visual,Eficiencia,2022-12-17,Basic Industries
963,Blaire,Deave,bdeaveqq@t.co,5S,Liderazgo,2022-10-08,n/a
964,Caresa,Brislan,cbrislanqr@pcworld.com,Mejor enfocada,Integridad,2022-11-24,Consumer Services
965,Rosemonde,Rennicks,rrennicksqs@google.nl,Mejor enfocada,Liderazgo,2021-10-07,Basic Industries
966,Lawton,Ligoe,lligoeqt@eventbrite.com,Trabajo en equipo,Flexibilidad,2021-10-18,Public Utilities
967,Rey,Lemme,rlemmequ@netvibes.com,5S,Flexibilidad,2021-03-09,n/a
968,Ninetta,Dougill,ndougillqv@weather.com,Gestion visual,Eficiencia,2022-08-31,Basic Industries
969,Reuben,Burley,rburleyqw@mapy.cz,Mejor enfocada,Liderazgo,2021-10-08,Finance
970,Marlowe,Ghilardi,mghilardiqx@umn.edu,Mejor enfocada,Flexibilidad,2021-03-02,Finance
971,Lorettalorna,Northway,lnorthwayqy@cnn.com,Gestion visual,Eficiencia,2021-05-13,Technology
972,Farah,Coit,fcoitqz@europa.eu,5S,Flexibilidad,2022-04-24,Finance
973,Aleda,Cosens,acosensr0@nytimes.com,Mejor enfocada,Eficiencia,2022-04-02,Finance
974,Viole,Schuh,vschuhr1@webeden.co.uk,Mejor enfocada,Integridad,2022-07-19,Capital Goods
975,Cheri,Bausmann,cbausmannr2@kickstarter.com,Trabajo en equipo,Liderazgo,2022-10-16,n/a
976,Meg,Standbrook,mstandbrookr3@dailymail.co.uk,Trabajo en equipo,Integridad,2021-10-16,Consumer Services
977,Charmane,Morrant,cmorrantr4@oaic.gov.au,Trabajo en equipo,Liderazgo,2022-10-15,Finance
978,Ashlee,McGarvie,amcgarvier5@skyrock.com,Gestion visual,Flexibilidad,2022-04-01,Health Care
979,Piper,Lawly,plawlyr6@ask.com,Trabajo en equipo,Eficiencia,2021-06-17,n/a
980,Shaun,Syphas,ssyphasr7@berkeley.edu,Mejor enfocada,Liderazgo,2021-10-20,n/a
981,Lesley,McQuillan,lmcquillanr8@gov.uk,Mindset Digital,Flexibilidad,2021-11-27,Energy
982,Tedman,Dafter,tdafterr9@msu.edu,Mindset Digital,Liderazgo,2021-07-24,n/a
983,Sheffie,Cropton,scroptonra@example.com,5S,Liderazgo,2022-11-28,Miscellaneous
984,Eduardo,Gatchell,egatchellrb@github.io,5S,Liderazgo,2021-12-17,Health Care
985,Margarita,Ansett,mansettrc@squarespace.com,Gestion visual,Liderazgo,2022-11-17,Technology
986,Danie,Feeley,dfeeleyrd@imgur.com,Trabajo en equipo,Liderazgo,2021-12-19,Consumer Non-Durables
987,Mayne,Iddons,middonsre@jiathis.com,5S,Eficiencia,2022-07-15,Capital Goods
988,Pattie,Kerman,pkermanrf@apple.com,Mindset Digital,Liderazgo,2021-03-13,Basic Industries
989,Terrence,Martensen,tmartensenrg@unc.edu,Mindset Digital,Flexibilidad,2021-10-03,Technology
990,Micheline,Justun,mjustunrh@newyorker.com,Trabajo en equipo,Integridad,2022-11-03,Consumer Services
991,Amalle,Bradden,abraddenri@a8.net,Mejor enfocada,Flexibilidad,2021-02-26,Consumer Services
992,Fred,Woolmington,fwoolmingtonrj@instagram.com,Mindset Digital,Eficiencia,2021-07-07,Consumer Services
993,Berkly,Brauns,bbraunsrk@google.com.au,Mindset Digital,Integridad,2021-04-21,Technology
994,Holly-anne,Ropcke,hropckerl@themeforest.net,Mindset Digital,Flexibilidad,2021-11-06,Public Utilities
995,Teodora,Hitzmann,thitzmannrm@foxnews.com,5S,Eficiencia,2021-01-09,Miscellaneous
996,Pebrook,Cancellor,pcancellorrn@usnews.com,Trabajo en equipo,Integridad,2022-04-23,n/a
997,Imojean,Blooman,ibloomanro@1688.com,5S,Eficiencia,2022-11-03,Consumer Services
998,Shayna,Twiname,stwinamerp@typepad.com,5S,Flexibilidad,2022-08-04,Finance
999,Murielle,Quantrill,mquantrillrq@wiley.com,Trabajo en equipo,Integridad,2022-01-18,Basic Industries
1000,Sanders,Twittey,stwitteyrr@fotki.com,Mindset Digital,Integridad,2021-07-14,Technology
