Nombre,Apellido,Genero,CWID,EID,SAID
Maurise,Kaindl,Male,GHZJTZ,GMVCVJ,JJBJWJ
Dall,Havick,Male,WJTRJS,MSRPRL,IOWZDU
Melisande,Bywaters,Female,XBWZWG,BLSDMV,LECZFR
Martelle,Bendall,Female,TJVMBD,GMVCVJ,LVNIHQ
Jacenta,Virr,Female,EKJNGS,BLSDMV,VKFKEN
Lilith,Chevers,Female,WIRZZR,MSRPRL,LECZFR
Tandie,Caulfield,Female,FDKEFG,XTKWBN,HFMGKV
Barthel,Askham,Male,DIUYMP,BLSDMV,ENUUJM
Raphael,Cescotti,Male,PWAOVJ,SATHBL,LVNIHQ
Harlin,Pauli,Male,KEUSNF,GMVCVJ,HFMGKV
Cathlene,Siney,Female,ICOBBV,BLSDMV,RQINMF
Culley,Pywell,Male,QIFFFW,GMVCVJ,PWLBLC
Leese,Tace,Female,MYMUVU,NQFZLM,LECZFR
Heda,Castanares,Female,UTGFSG,IEVMFP,OJAFVE
Melli,Venable,Bigender,DSAIUZ,IEVMFP,HFMGKV
Hedi,Ellicombe,Female,PDZTYG,XTKWBN,LVNIHQ
Silvie,Paquet,Agender,CHZYGW,SKACNU,FZYGSZ
Fidel,Tompkins,Male,JCOBFG,IEVMFP,ENUUJM
Cornela,Treversh,Female,XXOQZL,GMVCVJ,VKFKEN
Brianna,Menel,Female,PUJIAS,XTKWBN,ENUUJM
Fransisco,Piatti,Male,LOCLBR,BLSDMV,HFMGKV
Mirabel,Gauvin,Female,BKSNPB,SATHBL,IOWZDU
Ola,Hufton,Female,LBTOGT,SATHBL,LECZFR
Michele,Corey,Male,EKOPDB,BLSDMV,LVNIHQ
Marve,Pilmer,Male,XOKEPR,XTKWBN,RQINMF
Jack,Fulep,Male,LTJQSN,GMVCVJ,LEWQPQ
Israel,De Pero,Male,GZTILD,BLSDMV,ENUUJM
Silvain,Gonzales,Male,EAOTWG,NQFZLM,CJGMJC
Holly,Reisenberg,Male,ELRFFS,SKACNU,HFMGKV
Tisha,Molloy,Female,MDEJQG,NQFZLM,LECZFR
Harrie,Udall,Polygender,KJSLKY,SATHBL,HFMGKV
Louis,Mill,Male,QOQREG,GMVCVJ,JJBJWJ
Torin,Isacsson,Male,WPQVQF,XTKWBN,ENUUJM
Mick,Denisevich,Male,THIDGP,IEVMFP,JJBJWJ
Yancy,Pawelczyk,Male,OIMGGQ,NQFZLM,FZYGSZ
Rick,Minshaw,Male,GGCZIW,SKACNU,RQINMF
Jakob,Le Guin,Male,XXDOCZ,XTKWBN,ENUUJM
Artemas,Brizell,Male,TJZCUB,GMVCVJ,LECZFR
Elizabeth,Spivey,Female,LOOGPX,XTKWBN,PWLBLC
Brynna,Gillise,Female,UXWVVZ,BLSDMV,WECLGY
Jolene,Colbeck,Female,SESMZO,XTKWBN,NXZCDZ
Lurette,Terrelly,Bigender,WTEZZM,NQFZLM,AXUZCN
Harbert,Oxnam,Male,KUIQQV,XTKWBN,HFMGKV
Wilhelmine,Danilowicz,Female,JQFVBG,BLSDMV,FZYGSZ
Terrill,Niece,Male,JDKPXA,IEVMFP,CJGMJC
Elfie,Gwinnett,Female,MARBVV,BLSDMV,FZYGSZ
Lind,Grinnov,Agender,NGQYDO,SKACNU,JJBJWJ
Kermit,Comer,Male,QWEVBT,BLSDMV,HFMGKV
Kassi,Brislawn,Female,MELVYR,IEVMFP,WECLGY
Simmonds,Shipley,Male,YPEREB,BLSDMV,RQINMF
Netti,Pritchard,Female,HDMEBS,NQFZLM,NXZCDZ
Vonni,Robez,Female,OQASBV,BLSDMV,RQINMF
Tomasina,Montrose,Female,AORPNC,XTKWBN,VKFKEN
Dory,Ciccarelli,Female,TCYMBR,GMVCVJ,IOWZDU
Arluene,Skullet,Female,AESPXA,SATHBL,GJZSNW
Laraine,England,Female,LGERMY,BLSDMV,PWLBLC
Alisha,Forgie,Female,XKNINO,XTKWBN,LECZFR
Joelynn,Leyre,Agender,JSRCFO,SATHBL,OJAFVE
Annice,Kliemke,Female,UPALUH,NQFZLM,AXUZCN
Elsinore,Passy,Female,IRQQGL,GMVCVJ,OJAFVE
Jimmy,Dobbison,Male,KQMIRF,IEVMFP,ENUUJM
Ruthie,Woodard,Female,ODRKER,SKACNU,LVNIHQ
Amii,MacGrath,Female,USOPPP,SKACNU,IOWZDU
Shane,Frampton,Female,VGUJXS,SKACNU,HFMGKV
Wadsworth,Dagnall,Male,QBRDLY,SATHBL,FZYGSZ
Sylvia,O'Lagen,Female,IWZWZC,GMVCVJ,RQINMF
Gussi,Shepperd,Female,MKXWIX,IEVMFP,FZYGSZ
Marilyn,Berndtssen,Female,NOPCYT,SATHBL,LECZFR
Geri,Adaway,Male,MSAPPM,BLSDMV,OJAFVE
Dewie,Schreiner,Male,LRDAXO,SATHBL,GJZSNW
Griffin,Lepard,Male,XPKFER,SKACNU,OJAFVE
Richy,Skirvin,Male,GXGRWS,GMVCVJ,PWLBLC
Mikel,Headford,Male,TQGKAB,NQFZLM,LVNIHQ
Orsa,McGillivray,Female,RHMZLJ,SKACNU,CJGMJC
Rudd,Elegood,Male,OHZSFW,BLSDMV,HFMGKV
Osmond,Parmby,Male,HCETRA,GMVCVJ,LECZFR
Franklyn,Tillyer,Male,IAINEP,MSRPRL,CJGMJC
Daffie,Lindback,Female,ZJTHTP,MSRPRL,GNILKV
Omar,Kaspar,Male,URYLNS,GMVCVJ,HFMGKV
Kayne,Halvorsen,Male,YXITAI,MSRPRL,ENUUJM
Trey,Firidolfi,Male,SLTRCW,GMVCVJ,WECLGY
Bram,Ellis,Polygender,CTJUNF,IEVMFP,OJAFVE
Anet,Noonan,Female,WEAMZG,NQFZLM,HFMGKV
Lurlene,Jeckells,Female,ICSTSE,IEVMFP,WECLGY
Wilie,Lafrentz,Female,RZBQVC,GMVCVJ,LEWQPQ
Nydia,Dinan,Female,LHAHZY,SATHBL,LECZFR
Yardley,Nise,Male,PARQZG,GMVCVJ,LVNIHQ
Barron,Gruszczak,Male,FVVYVK,XTKWBN,NXZCDZ
Consuela,Godney,Female,NUBWLD,SKACNU,ENUUJM
Ramsay,Vinau,Male,RHLLVF,NQFZLM,JJBJWJ
Theodoric,Bygrave,Male,ACMRSR,NQFZLM,LVNIHQ
Sigismundo,Crummy,Male,GJNMKD,GMVCVJ,LVNIHQ
Falkner,Hurley,Male,CSVDUZ,SATHBL,PWLBLC
Ambur,Dzenisenka,Female,DSHWKM,SATHBL,JJBJWJ
Donetta,Brinsden,Female,OCRIHG,GMVCVJ,ENUUJM
Lurette,Biggs,Female,SKTDVR,MSRPRL,LVNIHQ
Hansiain,Leger,Male,KVXWQK,NQFZLM,WECLGY
Salim,Mathou,Male,GSAZKQ,NQFZLM,ENUUJM
Glenn,Killich,Male,UIUGGE,GMVCVJ,GNILKV
Jemima,Banasevich,Female,AICYGJ,SATHBL,PWLBLC
Hildagard,Raggitt,Female,MMMROI,XTKWBN,JJBJWJ
Conan,Ballam,Male,HOSBFJ,XTKWBN,GJZSNW
Siana,Spadaro,Female,YYZTHO,SATHBL,HFMGKV
Corbet,Spires,Male,XQOAVC,BLSDMV,NXZCDZ
Selene,Wolters,Female,GBNGHK,GMVCVJ,OJAFVE
Wyatan,Speechley,Male,FYNZIQ,XTKWBN,LVNIHQ
Leonanie,Spackman,Female,AKNUZC,BLSDMV,IOWZDU
Trula,Greenly,Non-binary,YMYLFX,BLSDMV,RQINMF
Welch,Dabinett,Male,XXXQMD,SKACNU,CJGMJC
Sammy,Heales,Male,TTJBUR,BLSDMV,NXZCDZ
Pepe,Langstone,Male,HGTZXV,XTKWBN,OJAFVE
Charity,Dunster,Female,QVGXTN,BLSDMV,HFMGKV
Lyle,Samper,Male,OALJGY,NQFZLM,NXZCDZ
Pris,Windows,Female,PKOKGH,GMVCVJ,ENUUJM
Ber,Easseby,Male,RXRBPK,BLSDMV,FZYGSZ
Aluin,O'Dunneen,Male,ZGFFFA,BLSDMV,NXZCDZ
Dixie,O'Callaghan,Female,SRHEUW,SKACNU,NXZCDZ
Alexi,Lewing,Female,HTWLQX,IEVMFP,HFMGKV
Silvanus,Marlow,Male,HPCBNT,IEVMFP,XXXCOP
Falkner,Zavattero,Male,LUTHTK,XTKWBN,LECZFR
Alastair,Appleford,Polygender,NCVITT,GMVCVJ,HFMGKV
Baryram,Everley,Male,BGOPCF,IEVMFP,WECLGY
Milt,Sherbrook,Male,BVNVRI,GMVCVJ,LVNIHQ
Traver,Pinck,Male,JYSKJJ,SATHBL,RQINMF
Kalle,Hanning,Male,SPISFP,BLSDMV,GJZSNW
Margalo,Middlemist,Female,OKOBZI,MSRPRL,LVNIHQ
Beryl,Tutin,Female,RFOFIV,SATHBL,RQINMF
Carlie,Curley,Bigender,UGTYPD,NQFZLM,WECLGY
Yanaton,Whines,Male,DSPLFC,GMVCVJ,WECLGY
Maisey,Scamal,Female,GKWWEC,BLSDMV,NXZCDZ
Brucie,Easterfield,Male,ZFSNEE,IEVMFP,AXUZCN
Juliette,Mabee,Female,BOVVQR,BLSDMV,FZYGSZ
Emmet,Kimmings,Male,FISWLE,MSRPRL,NXZCDZ
Cecilius,Marcham,Male,COAWHR,BLSDMV,GNILKV
Frank,Cutriss,Male,RCBJMC,SATHBL,VKFKEN
Vachel,Fifield,Male,WITHGI,BLSDMV,TEATIH
Rebeca,Potapczuk,Female,CRLVKD,BLSDMV,NXZCDZ
Lev,Baybutt,Male,UGJBEZ,NQFZLM,GJZSNW
Ash,Hancell,Bigender,SCEBLG,MSRPRL,OJAFVE
Claudian,Wieprecht,Male,YWBCVM,BLSDMV,LECZFR
Mallory,Gandrich,Female,VTURVS,GMVCVJ,LEWQPQ
Cosimo,Olive,Male,EQTLKU,SATHBL,HFMGKV
Gerrilee,Fosbraey,Female,ASKKCQ,IEVMFP,GJZSNW
Waverley,Chessman,Polygender,HOCGQX,IEVMFP,GJZSNW
Friederike,Bowdon,Polygender,KLBYOH,GMVCVJ,LEWQPQ
Hamid,Yesichev,Non-binary,OSDYJF,NQFZLM,HFMGKV
Brand,Wheatley,Male,BPNTVI,NQFZLM,AXUZCN
Christie,Drayn,Male,AVNCFG,SATHBL,NXZCDZ
Ayn,Oloman,Non-binary,OTDUUD,BLSDMV,TEATIH
Judah,Courtin,Male,MDSLPF,IEVMFP,OJAFVE
Dian,Mac,Female,XGLFJS,XTKWBN,LVNIHQ
Fionna,Siberry,Female,UXOIKV,NQFZLM,LVNIHQ
Wylie,Giovannazzi,Male,KHQIMX,GMVCVJ,FZYGSZ
Deb,Wynne,Genderfluid,TOUMIM,XTKWBN,GJZSNW
Cesaro,Sineath,Male,AUDTVZ,SKACNU,WECLGY
Auberon,Binney,Male,RIXIXG,IEVMFP,XXXCOP
Arny,Elwood,Male,PAFJGV,GMVCVJ,GNILKV
Rudd,Sekulla,Male,RHBVCY,MSRPRL,PWLBLC
Nert,Elkington,Female,NAAYMW,XTKWBN,LVNIHQ
Talyah,Goldingay,Female,UUSLBB,SKACNU,ENUUJM
Trescha,Delagua,Bigender,CGGPQA,XTKWBN,LVNIHQ
Arie,Horsewood,Male,JGDITO,SKACNU,VKFKEN
Sebastien,Dun,Male,VRLILS,IEVMFP,LVNIHQ
Eveline,Felten,Female,CUCDHW,BLSDMV,LVNIHQ
Tam,Spurryer,Male,YSDXVW,GMVCVJ,LECZFR
Meggie,Melbert,Female,TNFUQD,XTKWBN,LVNIHQ
Cynthia,Cunde,Genderqueer,YELGTT,GMVCVJ,IOWZDU
Kassie,Mixter,Female,DHEKDV,NQFZLM,NXZCDZ
Ingrid,Johnsee,Female,SKBQGD,BLSDMV,NXZCDZ
Staci,Lauga,Female,ULHLQI,IEVMFP,ENUUJM
Shirlene,Sandever,Female,YBPEUH,IEVMFP,AXUZCN
Gaylord,Luce,Male,IYSOAD,NQFZLM,ENUUJM
Gran,Lambkin,Male,EHQSCS,SATHBL,XXXCOP
Ignacio,Westberg,Male,HXLIJQ,MSRPRL,VKFKEN
Ralph,Tunnoch,Male,LRNAYY,IEVMFP,ENUUJM
Aime,Radin,Female,AHCZOB,SATHBL,NXZCDZ
Annamaria,Fernan,Female,IJZCZD,MSRPRL,GNILKV
Nonna,Greetland,Female,AAYJSY,GMVCVJ,ENUUJM
Elwyn,Handmore,Polygender,VFHEHR,GMVCVJ,ENUUJM
Ron,Chester,Agender,GTKOAR,IEVMFP,WECLGY
Bartel,Waslin,Male,PHZJVT,SKACNU,AXUZCN
Bess,Desbrow,Female,FSGQEK,BLSDMV,ENUUJM
Garv,Grimestone,Male,LMJATX,XTKWBN,HFMGKV
Ara,Tocher,Male,DBAUMT,NQFZLM,NXZCDZ
Christian,Gallatly,Female,QOUKJT,BLSDMV,HFMGKV
Tod,Hartfleet,Male,ADACNO,SKACNU,PWLBLC
Cord,Shucksmith,Male,KLASJK,XTKWBN,HFMGKV
Milli,Dunrige,Female,HVGQZL,NQFZLM,TEATIH
Bradney,Gabey,Male,OBTZBH,SATHBL,AXUZCN
Aline,Stout,Agender,GULPBH,MSRPRL,PWLBLC
Phelia,Buckland,Female,EDTPEY,NQFZLM,GNILKV
Hugo,Upham,Male,TVGKMZ,MSRPRL,HFMGKV
Zelda,Francescoccio,Female,RXEKOY,IEVMFP,AXUZCN
Armando,Aspey,Male,GYWCQG,SKACNU,NXZCDZ
Lorenzo,Tamburo,Male,ZVRSPJ,NQFZLM,WECLGY
Jolynn,Wimlet,Female,PZTNGZ,SKACNU,WECLGY
Garret,Besnard,Male,JVPKMH,GMVCVJ,CJGMJC
Kimball,Kildea,Male,NUQHZM,GMVCVJ,XXXCOP
Godart,Conti,Male,LYQTZB,BLSDMV,OJAFVE
Raul,Beller,Male,BYARQR,NQFZLM,WECLGY
Jsandye,Finessy,Female,WPCELQ,NQFZLM,WECLGY
Mata,Ogley,Male,CMSRDQ,IEVMFP,RQINMF
Gustie,Faircley,Female,CATXCK,NQFZLM,TEATIH
Spike,Buist,Male,MPAOFI,BLSDMV,CJGMJC
Katrinka,Cripwell,Female,GJXAOW,SKACNU,ENUUJM
Gasparo,Tole,Male,KELKAC,GMVCVJ,WECLGY
Vance,McGeever,Male,HVSCPV,MSRPRL,FZYGSZ
Minda,Balazot,Female,AOPCNY,SATHBL,NXZCDZ
Kerrie,Tapin,Female,OQIZSN,MSRPRL,XXXCOP
Calida,Szymanek,Female,FJQVLT,GMVCVJ,WECLGY
